-- Sargolsavam Database Backup
-- Created at: 2025-12-16T10:31:33.375Z

-- Table: admins
DROP TABLE IF EXISTS "admins" CASCADE;
CREATE TABLE "admins" (
  "id" integer NOT NULL DEFAULT nextval('admins_id_seq'::regclass),
  "username" text NOT NULL,
  "password_hash" text NOT NULL,
  "role" character varying DEFAULT 'admin'::character varying,
  "created_at" timestamp with time zone DEFAULT now()
);

INSERT INTO "admins" ("id", "username", "password_hash", "role", "created_at") VALUES
(1, 'admin', '$2b$10$Az05Fbt14bn8IBgnuaTPQui6s66g2VsFzvKk9eFmnfCGA58lbRu1e', 'admin', '2025-12-01T06:00:56.561Z');

-- Table: analytics
DROP TABLE IF EXISTS "analytics" CASCADE;
CREATE TABLE "analytics" (
  "id" uuid NOT NULL DEFAULT gen_random_uuid(),
  "page_url" text NOT NULL,
  "ip_address" text,
  "user_agent" text,
  "created_at" timestamp with time zone DEFAULT CURRENT_TIMESTAMP
);

INSERT INTO "analytics" ("id", "page_url", "ip_address", "user_agent", "created_at") VALUES
('82c97127-d816-4886-afdf-a3eb6bd4be1f', '/committee', '127.0.0.1', 'Mozilla/5.0 (Windows NT 10.0; Win64; x64) AppleWebKit/537.36 (KHTML, like Gecko) Chrome/143.0.0.0 Safari/537.36', '2025-12-15T11:28:46.730Z'),
('f4ffa72d-6bf9-45bc-a94f-7303cb2a0099', '/', '::ffff:127.0.0.1', 'Mozilla/5.0 (Windows NT 10.0; Win64; x64) AppleWebKit/537.36 (KHTML, like Gecko) Chrome/143.0.0.0 Safari/537.36', '2025-12-15T11:52:12.250Z'),
('dc6630ff-149d-4ae9-a58c-ee7b1f841692', '/results', '::ffff:127.0.0.1', 'Mozilla/5.0 (Windows NT 10.0; Win64; x64) AppleWebKit/537.36 (KHTML, like Gecko) Chrome/143.0.0.0 Safari/537.36', '2025-12-15T11:54:39.064Z'),
('8b2ac73c-fdd4-46ef-9553-d13e189852d6', '/committee', '::ffff:127.0.0.1', 'Mozilla/5.0 (Windows NT 10.0; Win64; x64) AppleWebKit/537.36 (KHTML, like Gecko) Chrome/143.0.0.0 Safari/537.36', '2025-12-15T11:54:41.424Z'),
('ebc31705-5626-48ce-9686-70f9c3f7420f', '/', '::ffff:127.0.0.1', 'Mozilla/5.0 (Windows NT 10.0; Win64; x64) AppleWebKit/537.36 (KHTML, like Gecko) Chrome/143.0.0.0 Safari/537.36', '2025-12-15T11:55:03.310Z'),
('76b94e84-523f-47de-b7db-ee32bd3e184e', '/', '::ffff:127.0.0.1', 'Mozilla/5.0 (Windows NT 10.0; Win64; x64) AppleWebKit/537.36 (KHTML, like Gecko) Chrome/143.0.0.0 Safari/537.36', '2025-12-15T11:55:19.282Z'),
('ff02e5bd-6c4c-4310-b314-6d8c401315ea', '/', '::ffff:127.0.0.1', 'Mozilla/5.0 (Windows NT 10.0; Win64; x64) AppleWebKit/537.36 (KHTML, like Gecko) Chrome/143.0.0.0 Safari/537.36', '2025-12-15T11:55:25.481Z'),
('5e818ce4-56bf-4a14-89a0-b7e14fa72e4c', '/', '::ffff:127.0.0.1', 'Mozilla/5.0 (Windows NT 10.0; Win64; x64) AppleWebKit/537.36 (KHTML, like Gecko) Chrome/143.0.0.0 Safari/537.36', '2025-12-15T11:55:26.169Z'),
('5983ede6-f385-4545-b42f-944678ab031a', '/', '::ffff:127.0.0.1', 'Mozilla/5.0 (Windows NT 10.0; Win64; x64) AppleWebKit/537.36 (KHTML, like Gecko) Chrome/143.0.0.0 Safari/537.36', '2025-12-15T11:55:33.486Z'),
('d90707f2-ab19-43f9-a1e9-455c2a41f513', '/login', '::ffff:127.0.0.1', 'Mozilla/5.0 (Windows NT 10.0; Win64; x64) AppleWebKit/537.36 (KHTML, like Gecko) Chrome/143.0.0.0 Safari/537.36', '2025-12-15T11:56:40.911Z'),
('eb4d1b6b-f5b7-494e-b6bc-a747c33679c2', '/', '::ffff:127.0.0.1', 'Mozilla/5.0 (Windows NT 10.0; Win64; x64) AppleWebKit/537.36 (KHTML, like Gecko) Chrome/143.0.0.0 Safari/537.36', '2025-12-15T12:00:18.168Z'),
('7a2151b6-7504-48fe-b5ca-504d5452ab60', '/', '::ffff:127.0.0.1', 'Mozilla/5.0 (Linux; Android 6.0; Nexus 5 Build/MRA58N) AppleWebKit/537.36 (KHTML, like Gecko) Chrome/143.0.0.0 Mobile Safari/537.36', '2025-12-15T12:01:20.399Z'),
('11aa2255-9bc3-4e2c-ac2d-c830c7c06c9a', '/', '::ffff:127.0.0.1', 'Mozilla/5.0 (Windows NT 10.0; Win64; x64) AppleWebKit/537.36 (KHTML, like Gecko) Chrome/143.0.0.0 Safari/537.36', '2025-12-15T15:45:04.752Z'),
('b5e694df-bb3e-4483-bd3f-f54d9cb2a4cd', '/', '::ffff:127.0.0.1', 'Mozilla/5.0 (Windows NT 10.0; Win64; x64) AppleWebKit/537.36 (KHTML, like Gecko) Chrome/143.0.0.0 Safari/537.36', '2025-12-15T15:46:03.994Z'),
('58a91b21-2f9b-4e93-9282-73098f59d59d', '/login', '::ffff:127.0.0.1', 'Mozilla/5.0 (Windows NT 10.0; Win64; x64) AppleWebKit/537.36 (KHTML, like Gecko) Chrome/143.0.0.0 Safari/537.36', '2025-12-15T15:46:27.213Z'),
('3bd9153e-0de5-4c45-a763-a0894d592b01', '/login', '::ffff:127.0.0.1', 'Mozilla/5.0 (Windows NT 10.0; Win64; x64) AppleWebKit/537.36 (KHTML, like Gecko) Chrome/143.0.0.0 Safari/537.36', '2025-12-15T15:46:30.126Z'),
('e10cd914-271d-48c4-a79b-446c32dd229c', '/', '::ffff:127.0.0.1', 'Mozilla/5.0 (Windows NT 10.0; Win64; x64) AppleWebKit/537.36 (KHTML, like Gecko) Chrome/143.0.0.0 Safari/537.36', '2025-12-15T15:46:43.483Z'),
('8bdf8b37-aa38-4433-a9f2-410a2e21e518', '/login', '::ffff:127.0.0.1', 'Mozilla/5.0 (Windows NT 10.0; Win64; x64) AppleWebKit/537.36 (KHTML, like Gecko) Chrome/143.0.0.0 Safari/537.36', '2025-12-15T15:47:34.159Z'),
('ab02f1b3-2e83-411c-b4f3-778165e6943b', '/login', '::ffff:127.0.0.1', 'Mozilla/5.0 (Windows NT 10.0; Win64; x64) AppleWebKit/537.36 (KHTML, like Gecko) Chrome/143.0.0.0 Safari/537.36', '2025-12-15T15:48:05.410Z'),
('e01c35cf-eb6b-4440-a661-5ac2436e56e4', '/candidate/dashboard', '::ffff:127.0.0.1', 'Mozilla/5.0 (Windows NT 10.0; Win64; x64) AppleWebKit/537.36 (KHTML, like Gecko) Chrome/143.0.0.0 Safari/537.36', '2025-12-15T15:48:18.652Z'),
('5c6d86e1-3b21-4086-ade4-9a9fe7871873', '/login', '::ffff:127.0.0.1', 'Mozilla/5.0 (Windows NT 10.0; Win64; x64) AppleWebKit/537.36 (KHTML, like Gecko) Chrome/143.0.0.0 Safari/537.36', '2025-12-15T15:48:39.094Z'),
('67642876-b0b1-47cc-a95a-cacc87d0b388', '/candidate/dashboard', '::ffff:127.0.0.1', 'Mozilla/5.0 (Windows NT 10.0; Win64; x64) AppleWebKit/537.36 (KHTML, like Gecko) Chrome/143.0.0.0 Safari/537.36', '2025-12-15T15:48:51.338Z'),
('6ad698ac-e4dd-4713-84be-80fca3855b9d', '/login', '::ffff:127.0.0.1', 'Mozilla/5.0 (Windows NT 10.0; Win64; x64) AppleWebKit/537.36 (KHTML, like Gecko) Chrome/143.0.0.0 Safari/537.36', '2025-12-15T15:49:34.867Z'),
('c83b939a-3388-4a81-a590-ae62ab2168a9', '/login', '::ffff:127.0.0.1', 'Mozilla/5.0 (Windows NT 10.0; Win64; x64) AppleWebKit/537.36 (KHTML, like Gecko) Chrome/143.0.0.0 Safari/537.36', '2025-12-15T15:49:53.853Z'),
('41e97c8d-bfcd-421b-8f58-27f0878547be', '/', '::ffff:127.0.0.1', 'Mozilla/5.0 (Windows NT 10.0; Win64; x64) AppleWebKit/537.36 (KHTML, like Gecko) Chrome/143.0.0.0 Safari/537.36', '2025-12-15T15:57:45.468Z'),
('d37cab75-68a2-4f2e-b420-8f70942a9130', '/results', '::ffff:127.0.0.1', 'Mozilla/5.0 (Windows NT 10.0; Win64; x64) AppleWebKit/537.36 (KHTML, like Gecko) Chrome/143.0.0.0 Safari/537.36', '2025-12-15T15:57:54.676Z'),
('9695454a-d43c-4046-8957-a8e087bea04f', '/committee', '::ffff:127.0.0.1', 'Mozilla/5.0 (Windows NT 10.0; Win64; x64) AppleWebKit/537.36 (KHTML, like Gecko) Chrome/143.0.0.0 Safari/537.36', '2025-12-15T15:57:57.338Z'),
('8d16d711-70f2-4545-9531-07849b2682fc', '/', '::ffff:127.0.0.1', 'Mozilla/5.0 (Windows NT 10.0; Win64; x64) AppleWebKit/537.36 (KHTML, like Gecko) Chrome/143.0.0.0 Safari/537.36', '2025-12-15T15:58:12.339Z'),
('71bc2f79-498e-4ae3-8d03-64992e278478', '/', '::ffff:127.0.0.1', 'Mozilla/5.0 (Windows NT 10.0; Win64; x64) AppleWebKit/537.36 (KHTML, like Gecko) Chrome/143.0.0.0 Safari/537.36', '2025-12-15T16:01:30.651Z'),
('2e67ab67-df2b-4d1c-add2-40174493fbe7', '/', '::ffff:127.0.0.1', 'Mozilla/5.0 (Windows NT 10.0; Win64; x64) AppleWebKit/537.36 (KHTML, like Gecko) Chrome/143.0.0.0 Safari/537.36', '2025-12-15T16:04:02.894Z'),
('928a8114-9a79-4bf1-a914-79c81b69577c', '/', '::ffff:127.0.0.1', 'Mozilla/5.0 (Windows NT 10.0; Win64; x64) AppleWebKit/537.36 (KHTML, like Gecko) Chrome/143.0.0.0 Safari/537.36', '2025-12-15T16:04:21.190Z'),
('badd10db-de46-4f03-8b94-e18002d036cd', '/results', '::ffff:127.0.0.1', 'Mozilla/5.0 (Windows NT 10.0; Win64; x64) AppleWebKit/537.36 (KHTML, like Gecko) Chrome/143.0.0.0 Safari/537.36', '2025-12-15T16:04:37.394Z'),
('8e79e712-1f18-446a-a814-d018ca8a8041', '/committee', '::ffff:127.0.0.1', 'Mozilla/5.0 (Windows NT 10.0; Win64; x64) AppleWebKit/537.36 (KHTML, like Gecko) Chrome/143.0.0.0 Safari/537.36', '2025-12-15T16:04:39.746Z'),
('e6a666a1-f428-4790-9d43-3354b4930518', '/login', '::ffff:127.0.0.1', 'Mozilla/5.0 (Windows NT 10.0; Win64; x64) AppleWebKit/537.36 (KHTML, like Gecko) Chrome/143.0.0.0 Safari/537.36', '2025-12-15T16:04:46.197Z'),
('ed096f2c-cbe3-4f49-9b0c-6b3eddfc95b6', '/candidate/dashboard', '::ffff:127.0.0.1', 'Mozilla/5.0 (Windows NT 10.0; Win64; x64) AppleWebKit/537.36 (KHTML, like Gecko) Chrome/143.0.0.0 Safari/537.36', '2025-12-15T16:04:59.410Z'),
('2e571d5d-cd0a-4ae6-b461-522f3e286879', '/login', '::ffff:127.0.0.1', 'Mozilla/5.0 (Windows NT 10.0; Win64; x64) AppleWebKit/537.36 (KHTML, like Gecko) Chrome/143.0.0.0 Safari/537.36', '2025-12-15T16:05:06.004Z'),
('f8c68266-3b8b-4569-b47e-dc4034f5df28', '/login', '::ffff:127.0.0.1', 'Mozilla/5.0 (Windows NT 10.0; Win64; x64) AppleWebKit/537.36 (KHTML, like Gecko) Chrome/143.0.0.0 Safari/537.36', '2025-12-15T16:05:59.099Z'),
('39017695-56b9-4c9d-a555-1124155db8e4', '/candidate/dashboard', '::ffff:127.0.0.1', 'Mozilla/5.0 (Windows NT 10.0; Win64; x64) AppleWebKit/537.36 (KHTML, like Gecko) Chrome/143.0.0.0 Safari/537.36', '2025-12-15T16:06:04.039Z'),
('8d467732-63c1-4991-bd33-bf2a4f8aa3a8', '/', '::ffff:127.0.0.1', 'Mozilla/5.0 (Windows NT 10.0; Win64; x64) AppleWebKit/537.36 (KHTML, like Gecko) Chrome/143.0.0.0 Safari/537.36', '2025-12-15T16:06:23.476Z'),
('174850c3-24d7-4848-88bc-812a91136d47', '/login', '::ffff:127.0.0.1', 'Mozilla/5.0 (Windows NT 10.0; Win64; x64) AppleWebKit/537.36 (KHTML, like Gecko) Chrome/143.0.0.0 Safari/537.36', '2025-12-15T16:06:26.615Z'),
('fc7e178b-487e-4d48-9582-1ed984759267', '/candidate/dashboard', '::ffff:127.0.0.1', 'Mozilla/5.0 (Windows NT 10.0; Win64; x64) AppleWebKit/537.36 (KHTML, like Gecko) Chrome/143.0.0.0 Safari/537.36', '2025-12-15T16:06:35.272Z'),
('c1041dbf-2ca5-4970-a2ad-c5b6b4c872b9', '/login', '::ffff:127.0.0.1', 'Mozilla/5.0 (Windows NT 10.0; Win64; x64) AppleWebKit/537.36 (KHTML, like Gecko) Chrome/143.0.0.0 Safari/537.36', '2025-12-15T16:09:04.885Z'),
('2158a447-9cb0-4214-93e2-e852b6e51175', '/login', '::ffff:127.0.0.1', 'Mozilla/5.0 (Windows NT 10.0; Win64; x64) AppleWebKit/537.36 (KHTML, like Gecko) Chrome/143.0.0.0 Safari/537.36', '2025-12-15T16:09:29.922Z'),
('53b1f501-e29d-4369-9afe-c508d813490c', '/candidate/dashboard', '::ffff:127.0.0.1', 'Mozilla/5.0 (Windows NT 10.0; Win64; x64) AppleWebKit/537.36 (KHTML, like Gecko) Chrome/143.0.0.0 Safari/537.36', '2025-12-15T16:11:18.339Z'),
('105a5f9c-825b-4702-976f-4a5cc56fa84a', '/candidate/dashboard', '::ffff:127.0.0.1', 'Mozilla/5.0 (Windows NT 10.0; Win64; x64) AppleWebKit/537.36 (KHTML, like Gecko) Chrome/143.0.0.0 Safari/537.36', '2025-12-15T16:11:20.055Z'),
('9f09138c-ed77-404b-8257-87b3c3220028', '/candidate/dashboard', '::ffff:127.0.0.1', 'Mozilla/5.0 (Windows NT 10.0; Win64; x64) AppleWebKit/537.36 (KHTML, like Gecko) Chrome/143.0.0.0 Safari/537.36', '2025-12-15T16:13:55.441Z'),
('88570dff-9d2a-444a-a113-4f88f7dc25a9', '/', '::ffff:127.0.0.1', 'Mozilla/5.0 (Windows NT 10.0; Win64; x64) AppleWebKit/537.36 (KHTML, like Gecko) Chrome/143.0.0.0 Safari/537.36', '2025-12-15T16:13:57.788Z'),
('37012eb3-b901-4269-aa84-1c3fefeba042', '/', '::ffff:127.0.0.1', 'Mozilla/5.0 (Windows NT 10.0; Win64; x64) AppleWebKit/537.36 (KHTML, like Gecko) Chrome/143.0.0.0 Safari/537.36', '2025-12-15T16:15:38.972Z'),
('7428f80d-ba07-4106-9274-29c6794fa587', '/committee', '::ffff:127.0.0.1', 'Mozilla/5.0 (Windows NT 10.0; Win64; x64) AppleWebKit/537.36 (KHTML, like Gecko) Chrome/143.0.0.0 Safari/537.36', '2025-12-15T16:16:11.361Z'),
('9c494149-c2ef-4d74-88ca-7e42b73cfe3e', '/', '::ffff:127.0.0.1', 'Mozilla/5.0 (Windows NT 10.0; Win64; x64) AppleWebKit/537.36 (KHTML, like Gecko) Chrome/143.0.0.0 Safari/537.36', '2025-12-15T16:22:08.867Z'),
('83260fe6-bcb4-449a-b6b2-dd70b3a0620a', '/', '::ffff:127.0.0.1', 'Mozilla/5.0 (Windows NT 10.0; Win64; x64) AppleWebKit/537.36 (KHTML, like Gecko) Chrome/143.0.0.0 Safari/537.36', '2025-12-15T16:22:26.823Z'),
('852f3dc6-7c97-4454-a4e4-41c5705bb753', '/committee', '::ffff:127.0.0.1', 'Mozilla/5.0 (Windows NT 10.0; Win64; x64) AppleWebKit/537.36 (KHTML, like Gecko) Chrome/143.0.0.0 Safari/537.36', '2025-12-15T16:22:50.648Z'),
('e35bcd6a-85c2-47b9-88f3-cf74622ae7c8', '/results', '::ffff:127.0.0.1', 'Mozilla/5.0 (Windows NT 10.0; Win64; x64) AppleWebKit/537.36 (KHTML, like Gecko) Chrome/143.0.0.0 Safari/537.36', '2025-12-15T16:25:35.985Z'),
('616f38dc-4436-4488-9164-52c1308f79e7', '/', '::ffff:127.0.0.1', 'Mozilla/5.0 (Windows NT 10.0; Win64; x64) AppleWebKit/537.36 (KHTML, like Gecko) Chrome/143.0.0.0 Safari/537.36', '2025-12-15T16:25:38.023Z'),
('02bc8909-9969-49fb-999c-73db31fef354', '/results', '::ffff:127.0.0.1', 'Mozilla/5.0 (Windows NT 10.0; Win64; x64) AppleWebKit/537.36 (KHTML, like Gecko) Chrome/143.0.0.0 Safari/537.36', '2025-12-15T16:25:41.158Z'),
('7f56ac7e-13b3-41a7-b4d9-6b180f590ee7', '/results', '::ffff:127.0.0.1', 'Mozilla/5.0 (Windows NT 10.0; Win64; x64) AppleWebKit/537.36 (KHTML, like Gecko) Chrome/143.0.0.0 Safari/537.36', '2025-12-15T16:28:45.526Z'),
('a172501a-8c59-4b17-8eb2-117304a5dabe', '/results', '::ffff:127.0.0.1', 'Mozilla/5.0 (Windows NT 10.0; Win64; x64) AppleWebKit/537.36 (KHTML, like Gecko) Chrome/143.0.0.0 Safari/537.36', '2025-12-15T16:29:08.194Z'),
('f8e39fc1-3dd5-4e01-bd3b-010c44c49dfc', '/', '::ffff:127.0.0.1', 'Mozilla/5.0 (Windows NT 10.0; Win64; x64) AppleWebKit/537.36 (KHTML, like Gecko) Chrome/143.0.0.0 Safari/537.36', '2025-12-15T16:39:13.690Z'),
('ef02ef97-e3e0-4d39-8834-80a171723b9a', '/', '::ffff:127.0.0.1', 'Mozilla/5.0 (Windows NT 10.0; Win64; x64) AppleWebKit/537.36 (KHTML, like Gecko) Chrome/143.0.0.0 Safari/537.36', '2025-12-15T16:39:40.530Z'),
('a9d7b4bf-9fec-4a47-8155-042f4edc36f0', '/', '::ffff:127.0.0.1', 'Mozilla/5.0 (Windows NT 10.0; Win64; x64) AppleWebKit/537.36 (KHTML, like Gecko) Chrome/143.0.0.0 Safari/537.36', '2025-12-15T16:41:39.687Z'),
('7cb7f172-2224-40cc-84a9-f9350d78e886', '/', '::ffff:127.0.0.1', 'Mozilla/5.0 (Windows NT 10.0; Win64; x64) AppleWebKit/537.36 (KHTML, like Gecko) Chrome/143.0.0.0 Safari/537.36', '2025-12-15T16:42:17.011Z'),
('d935e94c-63f2-45b6-82e4-61de021b3dda', '/', '::ffff:127.0.0.1', 'Mozilla/5.0 (Windows NT 10.0; Win64; x64) AppleWebKit/537.36 (KHTML, like Gecko) Chrome/143.0.0.0 Safari/537.36', '2025-12-15T16:46:31.196Z'),
('0081f44f-d077-4033-a3cc-34b3a128145d', '/', '::ffff:127.0.0.1', 'Mozilla/5.0 (Linux; Android 6.0; Nexus 5 Build/MRA58N) AppleWebKit/537.36 (KHTML, like Gecko) Chrome/143.0.0.0 Mobile Safari/537.36', '2025-12-15T16:47:54.666Z'),
('d25c5a77-d16c-4b9b-80ca-ea264d4e909c', '/', '::ffff:127.0.0.1', 'Mozilla/5.0 (Windows NT 10.0; Win64; x64) AppleWebKit/537.36 (KHTML, like Gecko) Chrome/143.0.0.0 Safari/537.36', '2025-12-15T16:50:11.318Z'),
('9233c678-44c0-45c0-b039-927f355a61ea', '/login', '::ffff:127.0.0.1', 'Mozilla/5.0 (Windows NT 10.0; Win64; x64) AppleWebKit/537.36 (KHTML, like Gecko) Chrome/143.0.0.0 Safari/537.36', '2025-12-15T17:01:58.025Z'),
('12e8c183-94d8-4e76-9153-654f6b6ad17e', '/captain/dashboard', '::ffff:127.0.0.1', 'Mozilla/5.0 (Windows NT 10.0; Win64; x64) AppleWebKit/537.36 (KHTML, like Gecko) Chrome/143.0.0.0 Safari/537.36', '2025-12-15T17:02:06.832Z'),
('0dfef456-c118-416c-8e0a-860498648e27', '/login', '::ffff:127.0.0.1', 'Mozilla/5.0 (Windows NT 10.0; Win64; x64) AppleWebKit/537.36 (KHTML, like Gecko) Chrome/143.0.0.0 Safari/537.36', '2025-12-15T17:09:23.965Z'),
('839b544c-f730-453c-9143-dfa2241d1b08', '/login', '::ffff:127.0.0.1', 'Mozilla/5.0 (Windows NT 10.0; Win64; x64) AppleWebKit/537.36 (KHTML, like Gecko) Chrome/143.0.0.0 Safari/537.36', '2025-12-15T17:10:00.108Z'),
('f3af8c47-1605-485f-b299-1ed391f23365', '/login', '::ffff:127.0.0.1', 'Mozilla/5.0 (Windows NT 10.0; Win64; x64) AppleWebKit/537.36 (KHTML, like Gecko) Chrome/143.0.0.0 Safari/537.36', '2025-12-15T17:11:59.940Z'),
('c015d2c0-dadb-4487-89e7-1957b00017aa', '/captain/dashboard', '::ffff:127.0.0.1', 'Mozilla/5.0 (Windows NT 10.0; Win64; x64) AppleWebKit/537.36 (KHTML, like Gecko) Chrome/143.0.0.0 Safari/537.36', '2025-12-15T17:14:00.283Z'),
('f0e3b48a-ce40-4dd0-81bf-d6bcdfc1f826', '/', '::ffff:127.0.0.1', 'Mozilla/5.0 (Windows NT 10.0; Win64; x64) AppleWebKit/537.36 (KHTML, like Gecko) Chrome/143.0.0.0 Safari/537.36', '2025-12-15T17:14:08.365Z'),
('e965d964-57d9-4fc1-9ffb-e3e937470610', '/captain/dashboard', '::ffff:127.0.0.1', 'Mozilla/5.0 (Windows NT 10.0; Win64; x64) AppleWebKit/537.36 (KHTML, like Gecko) Chrome/143.0.0.0 Safari/537.36', '2025-12-15T17:14:16.414Z'),
('ea8efa24-587f-41b6-a23a-a1d8ea2f833a', '/login', '::ffff:127.0.0.1', 'Mozilla/5.0 (Windows NT 10.0; Win64; x64) AppleWebKit/537.36 (KHTML, like Gecko) Chrome/143.0.0.0 Safari/537.36', '2025-12-15T17:19:40.280Z'),
('fe7fb011-3e70-46b5-8b33-d0693839e736', '/captain/dashboard', '::ffff:127.0.0.1', 'Mozilla/5.0 (Windows NT 10.0; Win64; x64) AppleWebKit/537.36 (KHTML, like Gecko) Chrome/143.0.0.0 Safari/537.36', '2025-12-15T17:24:22.149Z'),
('c1f05a5e-9eb9-4f9c-a5c9-aec99fd7cbd4', '/captain/dashboard', '::ffff:127.0.0.1', 'Mozilla/5.0 (Windows NT 10.0; Win64; x64) AppleWebKit/537.36 (KHTML, like Gecko) Chrome/143.0.0.0 Safari/537.36', '2025-12-15T17:26:00.884Z'),
('a7d640af-d5a2-43f1-973f-455c8eaddea4', '/captain/dashboard', '::ffff:127.0.0.1', 'Mozilla/5.0 (Windows NT 10.0; Win64; x64) AppleWebKit/537.36 (KHTML, like Gecko) Chrome/143.0.0.0 Safari/537.36', '2025-12-15T17:26:39.267Z'),
('94689174-919a-451c-be6b-ef1176738631', '/captain/dashboard', '::ffff:127.0.0.1', 'Mozilla/5.0 (Windows NT 10.0; Win64; x64) AppleWebKit/537.36 (KHTML, like Gecko) Chrome/143.0.0.0 Safari/537.36', '2025-12-15T17:28:15.417Z'),
('616f0110-2f3a-4dca-b55a-167706859c5d', '/login', '::ffff:127.0.0.1', 'Mozilla/5.0 (Windows NT 10.0; Win64; x64) AppleWebKit/537.36 (KHTML, like Gecko) Chrome/143.0.0.0 Safari/537.36', '2025-12-15T17:28:19.008Z'),
('801bb6e2-428f-4b11-9a54-b469e30d0ce0', '/captain/dashboard', '::ffff:127.0.0.1', 'Mozilla/5.0 (Windows NT 10.0; Win64; x64) AppleWebKit/537.36 (KHTML, like Gecko) Chrome/143.0.0.0 Safari/537.36', '2025-12-15T17:31:39.927Z'),
('937863a1-7d70-40cd-a62e-da3260eae54c', '/captain/dashboard', '::ffff:127.0.0.1', 'Mozilla/5.0 (Windows NT 10.0; Win64; x64) AppleWebKit/537.36 (KHTML, like Gecko) Chrome/143.0.0.0 Safari/537.36', '2025-12-15T17:33:58.832Z'),
('3b77bdf3-9df8-495a-a30a-84705cff61ac', '/captain/dashboard', '::ffff:127.0.0.1', 'Mozilla/5.0 (Windows NT 10.0; Win64; x64) AppleWebKit/537.36 (KHTML, like Gecko) Chrome/143.0.0.0 Safari/537.36', '2025-12-15T17:36:08.720Z'),
('d7e4fe22-8f9b-4387-b400-762df8c413dd', '/captain/dashboard', '::ffff:127.0.0.1', 'Mozilla/5.0 (Windows NT 10.0; Win64; x64) AppleWebKit/537.36 (KHTML, like Gecko) Chrome/143.0.0.0 Safari/537.36', '2025-12-15T17:36:46.355Z'),
('fadf4e8f-add9-4ba2-8296-a7e5055a7006', '/captain/dashboard', '::ffff:127.0.0.1', 'Mozilla/5.0 (Windows NT 10.0; Win64; x64) AppleWebKit/537.36 (KHTML, like Gecko) Chrome/143.0.0.0 Safari/537.36', '2025-12-15T17:37:55.010Z'),
('ceb374fa-4ad2-4d33-a46c-686c7863546a', '/captain/dashboard', '::ffff:127.0.0.1', 'Mozilla/5.0 (Windows NT 10.0; Win64; x64) AppleWebKit/537.36 (KHTML, like Gecko) Chrome/143.0.0.0 Safari/537.36', '2025-12-15T17:38:46.617Z'),
('d38f54d5-e8fa-4b92-958f-36dbd2c6742a', '/captain/dashboard', '::ffff:127.0.0.1', 'Mozilla/5.0 (Windows NT 10.0; Win64; x64) AppleWebKit/537.36 (KHTML, like Gecko) Chrome/143.0.0.0 Safari/537.36', '2025-12-15T17:39:42.119Z'),
('db3f2652-5c5f-4978-8e75-0b733a4143b3', '/captain/dashboard', '::ffff:127.0.0.1', 'Mozilla/5.0 (Windows NT 10.0; Win64; x64) AppleWebKit/537.36 (KHTML, like Gecko) Chrome/143.0.0.0 Safari/537.36', '2025-12-15T17:41:35.001Z'),
('68042ad3-d038-42f4-a4e4-9ef9d646f8e6', '/captain/dashboard', '::ffff:127.0.0.1', 'Mozilla/5.0 (Windows NT 10.0; Win64; x64) AppleWebKit/537.36 (KHTML, like Gecko) Chrome/143.0.0.0 Safari/537.36', '2025-12-15T17:42:22.500Z'),
('b0f5ac82-a7db-4dfe-a6c6-8b60365f4812', '/', '::ffff:127.0.0.1', 'Mozilla/5.0 (Windows NT 10.0; Win64; x64) AppleWebKit/537.36 (KHTML, like Gecko) Chrome/143.0.0.0 Safari/537.36', '2025-12-15T17:42:25.801Z'),
('485197e4-183a-4795-a729-d12258d11bef', '/login', '::ffff:127.0.0.1', 'Mozilla/5.0 (Windows NT 10.0; Win64; x64) AppleWebKit/537.36 (KHTML, like Gecko) Chrome/143.0.0.0 Safari/537.36', '2025-12-15T17:42:28.824Z'),
('8d6bf308-c616-41ea-8d47-e6acf9bd8027', '/captain/dashboard', '::ffff:127.0.0.1', 'Mozilla/5.0 (Windows NT 10.0; Win64; x64) AppleWebKit/537.36 (KHTML, like Gecko) Chrome/143.0.0.0 Safari/537.36', '2025-12-15T17:42:41.789Z'),
('9fffb633-221f-4607-af8f-141cedb53292', '/captain/dashboard', '::1', 'Mozilla/5.0 (Windows NT 10.0; Win64; x64) AppleWebKit/537.36 (KHTML, like Gecko) Chrome/143.0.0.0 Safari/537.36', '2025-12-15T17:50:24.280Z'),
('2fcc90a0-bc97-485f-a3be-24f07ccf23d7', '/captain/dashboard', '::1', 'Mozilla/5.0 (Windows NT 10.0; Win64; x64) AppleWebKit/537.36 (KHTML, like Gecko) Chrome/143.0.0.0 Safari/537.36', '2025-12-15T18:03:39.472Z'),
('25fdea90-5b3a-4a3d-b029-f7e9d41a1733', '/captain/dashboard', '::1', 'Mozilla/5.0 (Windows NT 10.0; Win64; x64) AppleWebKit/537.36 (KHTML, like Gecko) Chrome/143.0.0.0 Safari/537.36', '2025-12-16T07:00:18.878Z'),
('94911e4b-ca79-492c-ba65-dc80457b38f2', '/', '::1', 'Mozilla/5.0 (Windows NT 10.0; Win64; x64) AppleWebKit/537.36 (KHTML, like Gecko) Chrome/143.0.0.0 Safari/537.36', '2025-12-16T07:00:24.575Z'),
('ead9bd67-07d0-4f9e-8753-f1d1820c8a01', '/results', '::1', 'Mozilla/5.0 (Windows NT 10.0; Win64; x64) AppleWebKit/537.36 (KHTML, like Gecko) Chrome/143.0.0.0 Safari/537.36', '2025-12-16T07:00:56.263Z'),
('88725ced-9f73-45cd-945d-460d98b3017e', '/committee', '::1', 'Mozilla/5.0 (Windows NT 10.0; Win64; x64) AppleWebKit/537.36 (KHTML, like Gecko) Chrome/143.0.0.0 Safari/537.36', '2025-12-16T07:01:19.713Z'),
('272c7d9b-9a16-4fe6-9972-32957025f99d', '/results', '::1', 'Mozilla/5.0 (Windows NT 10.0; Win64; x64) AppleWebKit/537.36 (KHTML, like Gecko) Chrome/143.0.0.0 Safari/537.36', '2025-12-16T07:01:20.906Z'),
('6bcd1095-9b1a-450f-8e67-505c281b9785', '/committee', '::1', 'Mozilla/5.0 (Windows NT 10.0; Win64; x64) AppleWebKit/537.36 (KHTML, like Gecko) Chrome/143.0.0.0 Safari/537.36', '2025-12-16T07:01:20.965Z'),
('dc6b8981-7561-4fc2-b7b9-1af3d6989525', '/results', '::1', 'Mozilla/5.0 (Windows NT 10.0; Win64; x64) AppleWebKit/537.36 (KHTML, like Gecko) Chrome/143.0.0.0 Safari/537.36', '2025-12-16T07:01:22.166Z'),
('75e8770d-2325-498f-a030-a0412323b876', '/committee', '::1', 'Mozilla/5.0 (Windows NT 10.0; Win64; x64) AppleWebKit/537.36 (KHTML, like Gecko) Chrome/143.0.0.0 Safari/537.36', '2025-12-16T07:01:48.591Z'),
('a141a56d-a3d1-445d-89a4-c88d40d69853', '/', '::1', 'Mozilla/5.0 (Linux; Android 6.0; Nexus 5 Build/MRA58N) AppleWebKit/537.36 (KHTML, like Gecko) Chrome/143.0.0.0 Mobile Safari/537.36', '2025-12-16T07:03:12.339Z'),
('dfc703db-ad22-474a-8e2d-e8922f8e23d6', '/login', '::1', 'Mozilla/5.0 (Windows NT 10.0; Win64; x64) AppleWebKit/537.36 (KHTML, like Gecko) Chrome/143.0.0.0 Safari/537.36', '2025-12-16T07:03:34.909Z'),
('504eec9c-8fc1-42bd-9d84-ed4ccdc699f6', '/login', '::1', 'Mozilla/5.0 (Windows NT 10.0; Win64; x64) AppleWebKit/537.36 (KHTML, like Gecko) Chrome/143.0.0.0 Safari/537.36', '2025-12-16T07:28:45.228Z'),
('1d02bcac-203f-44da-b430-71f125d53911', '/login', '::1', 'Mozilla/5.0 (Windows NT 10.0; Win64; x64) AppleWebKit/537.36 (KHTML, like Gecko) Chrome/143.0.0.0 Safari/537.36', '2025-12-16T07:49:41.150Z'),
('46ce0268-5d41-4cfa-804b-c017af705605', '/committee', '::1', 'Mozilla/5.0 (Windows NT 10.0; Win64; x64) AppleWebKit/537.36 (KHTML, like Gecko) Chrome/143.0.0.0 Safari/537.36', '2025-12-16T07:53:02.281Z'),
('b0ece7f9-5cc6-4483-b53f-9f16e20666e8', '/results', '::1', 'Mozilla/5.0 (Windows NT 10.0; Win64; x64) AppleWebKit/537.36 (KHTML, like Gecko) Chrome/143.0.0.0 Safari/537.36', '2025-12-16T07:53:04.043Z'),
('d452d9da-de8f-45e8-9358-27eba44aaf89', '/login', '::1', 'Mozilla/5.0 (Windows NT 10.0; Win64; x64) AppleWebKit/537.36 (KHTML, like Gecko) Chrome/143.0.0.0 Safari/537.36', '2025-12-16T07:53:09.312Z'),
('566c975c-7004-4e24-9fa1-a072be5771e0', '/candidate/dashboard', '::1', 'Mozilla/5.0 (Windows NT 10.0; Win64; x64) AppleWebKit/537.36 (KHTML, like Gecko) Chrome/143.0.0.0 Safari/537.36', '2025-12-16T07:53:23.106Z'),
('36f62c3a-0374-4fd3-9cd6-bd4b29ed3f5a', '/candidate/dashboard', '::1', 'Mozilla/5.0 (Windows NT 10.0; Win64; x64) AppleWebKit/537.36 (KHTML, like Gecko) Chrome/143.0.0.0 Safari/537.36', '2025-12-16T07:54:42.300Z'),
('16981762-f814-4e10-a3c5-bff2784b5bf2', '/candidate/dashboard', '::1', 'Mozilla/5.0 (Windows NT 10.0; Win64; x64) AppleWebKit/537.36 (KHTML, like Gecko) Chrome/143.0.0.0 Safari/537.36', '2025-12-16T07:58:49.352Z'),
('679b20b5-8b60-477a-b852-d720c15ad24d', '/login', '::1', 'Mozilla/5.0 (Windows NT 10.0; Win64; x64) AppleWebKit/537.36 (KHTML, like Gecko) Chrome/143.0.0.0 Safari/537.36', '2025-12-16T08:07:07.340Z'),
('ec45bf5f-abff-4a6f-9f8b-b639f5cd41c8', '/', '::1', 'Mozilla/5.0 (Windows NT 10.0; Win64; x64) AppleWebKit/537.36 (KHTML, like Gecko) Chrome/143.0.0.0 Safari/537.36', '2025-12-16T08:07:36.719Z'),
('98e58c9b-f697-4f29-ae1a-309bf5ee35a5', '/results', '::1', 'Mozilla/5.0 (Windows NT 10.0; Win64; x64) AppleWebKit/537.36 (KHTML, like Gecko) Chrome/143.0.0.0 Safari/537.36', '2025-12-16T08:07:46.699Z'),
('aa0d8177-cbb9-4fe2-aa30-49f59732e987', '/committee', '::1', 'Mozilla/5.0 (Windows NT 10.0; Win64; x64) AppleWebKit/537.36 (KHTML, like Gecko) Chrome/143.0.0.0 Safari/537.36', '2025-12-16T08:07:50.911Z'),
('a7a0a84f-5d89-4e3a-9758-e0523711d45f', '/login', '::1', 'Mozilla/5.0 (Windows NT 10.0; Win64; x64) AppleWebKit/537.36 (KHTML, like Gecko) Chrome/143.0.0.0 Safari/537.36', '2025-12-16T08:07:51.666Z'),
('6d3e4450-568c-43fc-94f5-878611bc9e7d', '/results', '::1', 'Mozilla/5.0 (Windows NT 10.0; Win64; x64) AppleWebKit/537.36 (KHTML, like Gecko) Chrome/143.0.0.0 Safari/537.36', '2025-12-16T08:16:54.622Z'),
('7cb9f156-12a2-44ef-8c88-a0d8f994cb7c', '/committee', '::1', 'Mozilla/5.0 (Windows NT 10.0; Win64; x64) AppleWebKit/537.36 (KHTML, like Gecko) Chrome/143.0.0.0 Safari/537.36', '2025-12-16T08:17:17.814Z'),
('463dee9a-834e-4d7c-b1a9-950a7db91189', '/login', '::1', 'Mozilla/5.0 (Windows NT 10.0; Win64; x64) AppleWebKit/537.36 (KHTML, like Gecko) Chrome/143.0.0.0 Safari/537.36', '2025-12-16T08:17:21.469Z'),
('d6ab3ba0-7450-4eba-b700-d7f2df7c818b', '/candidate/dashboard', '::1', 'Mozilla/5.0 (Windows NT 10.0; Win64; x64) AppleWebKit/537.36 (KHTML, like Gecko) Chrome/143.0.0.0 Safari/537.36', '2025-12-16T08:17:37.421Z'),
('f7c30f56-d5b6-4705-be96-d464d7e8948f', '/login', '::1', 'Mozilla/5.0 (Windows NT 10.0; Win64; x64) AppleWebKit/537.36 (KHTML, like Gecko) Chrome/143.0.0.0 Safari/537.36', '2025-12-16T08:17:44.194Z'),
('0157187d-16d1-4b62-8491-dffacdfba0a0', '/captain/dashboard', '::1', 'Mozilla/5.0 (Windows NT 10.0; Win64; x64) AppleWebKit/537.36 (KHTML, like Gecko) Chrome/143.0.0.0 Safari/537.36', '2025-12-16T08:17:58.745Z'),
('9d83fc15-cc50-4d8d-9858-75ff32672fb1', '/committee', '::1', 'Mozilla/5.0 (Windows NT 10.0; Win64; x64) AppleWebKit/537.36 (KHTML, like Gecko) Chrome/143.0.0.0 Safari/537.36', '2025-12-16T08:19:03.426Z'),
('34182431-f675-4bf3-826a-d68f5511b311', '/login', '::1', 'Mozilla/5.0 (Windows NT 10.0; Win64; x64) AppleWebKit/537.36 (KHTML, like Gecko) Chrome/143.0.0.0 Safari/537.36', '2025-12-16T08:19:10.843Z'),
('d6a8d1b4-3890-449a-8291-01ec424d02f1', '/', '::1', 'Mozilla/5.0 (Windows NT 10.0; Win64; x64) AppleWebKit/537.36 (KHTML, like Gecko) Chrome/143.0.0.0 Safari/537.36', '2025-12-16T08:26:18.919Z'),
('82a9a7cf-0fee-4d3f-bc46-2a840f1c5621', '/results', '::1', 'Mozilla/5.0 (Windows NT 10.0; Win64; x64) AppleWebKit/537.36 (KHTML, like Gecko) Chrome/143.0.0.0 Safari/537.36', '2025-12-16T08:27:17.857Z'),
('e6b97d7d-2afe-4ad7-8251-f6858d8d9def', '/', '::1', 'Mozilla/5.0 (Windows NT 10.0; Win64; x64) AppleWebKit/537.36 (KHTML, like Gecko) Chrome/143.0.0.0 Safari/537.36', '2025-12-16T08:29:49.794Z'),
('f5898982-3bf3-4322-bfcd-74e81219e5a3', '/results', '::1', 'Mozilla/5.0 (Windows NT 10.0; Win64; x64) AppleWebKit/537.36 (KHTML, like Gecko) Chrome/143.0.0.0 Safari/537.36', '2025-12-16T08:29:52.239Z'),
('2ea7f7c2-3403-4c41-9a8d-f86185e4f9f0', '/committee', '::1', 'Mozilla/5.0 (Windows NT 10.0; Win64; x64) AppleWebKit/537.36 (KHTML, like Gecko) Chrome/143.0.0.0 Safari/537.36', '2025-12-16T08:29:56.168Z'),
('0f0a700b-0aa5-4715-afaf-82941425b79f', '/results', '::1', 'Mozilla/5.0 (Windows NT 10.0; Win64; x64) AppleWebKit/537.36 (KHTML, like Gecko) Chrome/143.0.0.0 Safari/537.36', '2025-12-16T08:29:59.144Z'),
('f43901b9-79c3-4dcd-b8ca-d066c7979bdf', '/committee', '::1', 'Mozilla/5.0 (Windows NT 10.0; Win64; x64) AppleWebKit/537.36 (KHTML, like Gecko) Chrome/143.0.0.0 Safari/537.36', '2025-12-16T08:30:03.511Z'),
('f46aade1-af65-4b9e-a002-7943e1403498', '/login', '::1', 'Mozilla/5.0 (Windows NT 10.0; Win64; x64) AppleWebKit/537.36 (KHTML, like Gecko) Chrome/143.0.0.0 Safari/537.36', '2025-12-16T08:30:39.353Z'),
('be889ee2-9564-4976-aa7c-3b07b9c45280', '/', '::1', 'Mozilla/5.0 (Windows NT 10.0; Win64; x64) AppleWebKit/537.36 (KHTML, like Gecko) Chrome/143.0.0.0 Safari/537.36', '2025-12-16T08:33:30.584Z'),
('8738b453-db4a-4ab8-862e-540ac2878207', '/', '::1', 'Mozilla/5.0 (Windows NT 10.0; Win64; x64) AppleWebKit/537.36 (KHTML, like Gecko) Chrome/143.0.0.0 Safari/537.36', '2025-12-16T08:36:41.419Z'),
('49696427-eba3-457f-80d9-21f4a5c85102', '/results', '::1', 'Mozilla/5.0 (Windows NT 10.0; Win64; x64) AppleWebKit/537.36 (KHTML, like Gecko) Chrome/143.0.0.0 Safari/537.36', '2025-12-16T08:36:44.068Z'),
('50246f23-8807-4b10-9d83-bf5c4f1536ed', '/', '::1', 'Mozilla/5.0 (Windows NT 10.0; Win64; x64) AppleWebKit/537.36 (KHTML, like Gecko) Chrome/143.0.0.0 Safari/537.36', '2025-12-16T08:36:45.997Z'),
('6583a82d-c686-4e3b-af46-5947b31b860c', '/results', '::1', 'Mozilla/5.0 (Windows NT 10.0; Win64; x64) AppleWebKit/537.36 (KHTML, like Gecko) Chrome/143.0.0.0 Safari/537.36', '2025-12-16T08:36:48.496Z'),
('3541bf05-c7c9-45e0-9b35-beb493cc935c', '/committee', '::1', 'Mozilla/5.0 (Windows NT 10.0; Win64; x64) AppleWebKit/537.36 (KHTML, like Gecko) Chrome/143.0.0.0 Safari/537.36', '2025-12-16T08:36:50.409Z'),
('4859533c-3711-4caa-94c8-9534d2166782', '/login', '::1', 'Mozilla/5.0 (Windows NT 10.0; Win64; x64) AppleWebKit/537.36 (KHTML, like Gecko) Chrome/143.0.0.0 Safari/537.36', '2025-12-16T08:36:52.380Z'),
('ba52717e-e9c7-4dfd-bc8f-6f845269905e', '/candidate/dashboard', '::1', 'Mozilla/5.0 (Windows NT 10.0; Win64; x64) AppleWebKit/537.36 (KHTML, like Gecko) Chrome/143.0.0.0 Safari/537.36', '2025-12-16T08:37:00.666Z'),
('5f994a89-7ed8-48fd-adcd-8c49978714fc', '/login', '::1', 'Mozilla/5.0 (Windows NT 10.0; Win64; x64) AppleWebKit/537.36 (KHTML, like Gecko) Chrome/143.0.0.0 Safari/537.36', '2025-12-16T08:37:04.222Z'),
('fbfaa072-f782-4d5a-be5f-352a0085975a', '/captain/dashboard', '::1', 'Mozilla/5.0 (Windows NT 10.0; Win64; x64) AppleWebKit/537.36 (KHTML, like Gecko) Chrome/143.0.0.0 Safari/537.36', '2025-12-16T08:37:19.134Z'),
('c19bad25-fb99-485f-928c-39ab446d4813', '/', '::1', 'Mozilla/5.0 (Windows NT 10.0; Win64; x64) AppleWebKit/537.36 (KHTML, like Gecko) Chrome/143.0.0.0 Safari/537.36', '2025-12-16T08:37:27.605Z'),
('7598956f-052e-4e64-80f3-cd9694221204', '/', '::1', 'Mozilla/5.0 (Windows NT 10.0; Win64; x64) AppleWebKit/537.36 (KHTML, like Gecko) Chrome/143.0.0.0 Safari/537.36', '2025-12-16T08:38:33.860Z'),
('0ae60b73-23cf-4f39-82c0-f9b352487d67', '/', '::1', 'Mozilla/5.0 (Windows NT 10.0; Win64; x64) AppleWebKit/537.36 (KHTML, like Gecko) Chrome/143.0.0.0 Safari/537.36', '2025-12-16T08:40:50.236Z'),
('5de6e035-9ea3-406d-93e8-68c028646f11', '/', '::1', 'Mozilla/5.0 (Windows NT 10.0; Win64; x64) AppleWebKit/537.36 (KHTML, like Gecko) Chrome/143.0.0.0 Safari/537.36', '2025-12-16T08:40:50.488Z'),
('88a1d5fc-d982-4f8d-962e-c11c05eebc67', '/', '::1', 'Mozilla/5.0 (Windows NT 10.0; Win64; x64) AppleWebKit/537.36 (KHTML, like Gecko) Chrome/143.0.0.0 Safari/537.36', '2025-12-16T08:40:56.590Z'),
('5149af08-28c8-47e0-ab92-a810e754376d', '/', '::1', 'Mozilla/5.0 (Windows NT 10.0; Win64; x64) AppleWebKit/537.36 (KHTML, like Gecko) Chrome/143.0.0.0 Safari/537.36', '2025-12-16T08:40:59.331Z'),
('1e46a670-3174-481d-919f-72bcaec6c0c6', '/', '::1', 'Mozilla/5.0 (Windows NT 10.0; Win64; x64) AppleWebKit/537.36 (KHTML, like Gecko) Chrome/143.0.0.0 Safari/537.36', '2025-12-16T08:40:59.566Z'),
('c667bd48-a2af-4c8f-8bb2-907a4b8c30b7', '/', '::1', 'Mozilla/5.0 (Windows NT 10.0; Win64; x64) AppleWebKit/537.36 (KHTML, like Gecko) Chrome/143.0.0.0 Safari/537.36', '2025-12-16T08:41:27.082Z'),
('b9e2f8da-5dcf-4c04-b368-52cd4d665ea6', '/terms', '::1', 'Mozilla/5.0 (Windows NT 10.0; Win64; x64) AppleWebKit/537.36 (KHTML, like Gecko) Chrome/143.0.0.0 Safari/537.36', '2025-12-16T08:42:04.180Z'),
('0171c238-da63-45a0-8de1-5df1ef76d980', '/', '::1', 'Mozilla/5.0 (Windows NT 10.0; Win64; x64) AppleWebKit/537.36 (KHTML, like Gecko) Chrome/143.0.0.0 Safari/537.36', '2025-12-16T08:42:17.534Z'),
('33930d9a-3406-49aa-9a33-1a4ad38b0d88', '/privacy', '::1', 'Mozilla/5.0 (Windows NT 10.0; Win64; x64) AppleWebKit/537.36 (KHTML, like Gecko) Chrome/143.0.0.0 Safari/537.36', '2025-12-16T08:42:47.030Z'),
('6ee8d9e7-1b7c-44b6-a152-399f7c78648d', '/', '::1', 'Mozilla/5.0 (Windows NT 10.0; Win64; x64) AppleWebKit/537.36 (KHTML, like Gecko) Chrome/143.0.0.0 Safari/537.36', '2025-12-16T08:42:58.929Z'),
('f4d050e9-a0a9-419f-8585-8cad6e51221f', '/terms', '::1', 'Mozilla/5.0 (Windows NT 10.0; Win64; x64) AppleWebKit/537.36 (KHTML, like Gecko) Chrome/143.0.0.0 Safari/537.36', '2025-12-16T08:43:59.901Z'),
('47024a47-75d0-4878-9769-3cbcb074e033', '/privacy', '::1', 'Mozilla/5.0 (Windows NT 10.0; Win64; x64) AppleWebKit/537.36 (KHTML, like Gecko) Chrome/143.0.0.0 Safari/537.36', '2025-12-16T08:44:02.767Z'),
('9ea2edca-8d42-4bfa-999e-e60731188e4f', '/policy', '::1', 'Mozilla/5.0 (Windows NT 10.0; Win64; x64) AppleWebKit/537.36 (KHTML, like Gecko) Chrome/143.0.0.0 Safari/537.36', '2025-12-16T08:44:10.486Z'),
('ac4ceece-07ea-4897-80a7-56712ecc87ae', '/terms', '::1', 'Mozilla/5.0 (Windows NT 10.0; Win64; x64) AppleWebKit/537.36 (KHTML, like Gecko) Chrome/143.0.0.0 Safari/537.36', '2025-12-16T08:44:13.674Z'),
('cf58d5d3-0a78-4929-b278-cb24c19df46b', '/terms', '::1', 'Mozilla/5.0 (Windows NT 10.0; Win64; x64) AppleWebKit/537.36 (KHTML, like Gecko) Chrome/143.0.0.0 Safari/537.36', '2025-12-16T08:45:13.603Z'),
('216cd625-6c7c-4ac4-b455-9fb5da213461', '/privacy', '::1', 'Mozilla/5.0 (Windows NT 10.0; Win64; x64) AppleWebKit/537.36 (KHTML, like Gecko) Chrome/143.0.0.0 Safari/537.36', '2025-12-16T08:47:01.277Z'),
('e97a175b-858e-4b35-8a8a-4b7d44c72413', '/policy', '::1', 'Mozilla/5.0 (Windows NT 10.0; Win64; x64) AppleWebKit/537.36 (KHTML, like Gecko) Chrome/143.0.0.0 Safari/537.36', '2025-12-16T08:48:47.399Z'),
('273e3a79-6517-4de2-a2ab-e40795768af3', '/terms', '::1', 'Mozilla/5.0 (Windows NT 10.0; Win64; x64) AppleWebKit/537.36 (KHTML, like Gecko) Chrome/143.0.0.0 Safari/537.36', '2025-12-16T08:50:05.503Z'),
('a40ae575-eff2-4e97-8e56-82d6ddaba975', '/privacy', '::1', 'Mozilla/5.0 (Windows NT 10.0; Win64; x64) AppleWebKit/537.36 (KHTML, like Gecko) Chrome/143.0.0.0 Safari/537.36', '2025-12-16T08:50:11.438Z'),
('01dfded2-7a18-43bb-9b9e-230606a881ba', '/policy', '::1', 'Mozilla/5.0 (Windows NT 10.0; Win64; x64) AppleWebKit/537.36 (KHTML, like Gecko) Chrome/143.0.0.0 Safari/537.36', '2025-12-16T08:50:16.332Z'),
('940335c0-8a6d-431c-81d5-e5abd31604f6', '/committee', '::1', 'Mozilla/5.0 (Windows NT 10.0; Win64; x64) AppleWebKit/537.36 (KHTML, like Gecko) Chrome/143.0.0.0 Safari/537.36', '2025-12-16T08:50:20.462Z'),
('fc9bccfb-6b87-4ab6-83e0-dcb0445ea841', '/', '::1', 'Mozilla/5.0 (Windows NT 10.0; Win64; x64) AppleWebKit/537.36 (KHTML, like Gecko) Chrome/143.0.0.0 Safari/537.36', '2025-12-16T09:10:50.174Z'),
('4d242463-3a17-45e8-aeac-a49c8d62352b', '/', '::1', 'Mozilla/5.0 (Windows NT 10.0; Win64; x64) AppleWebKit/537.36 (KHTML, like Gecko) Chrome/143.0.0.0 Safari/537.36', '2025-12-16T09:29:01.428Z');

-- Table: appeals
DROP TABLE IF EXISTS "appeals" CASCADE;
CREATE TABLE "appeals" (
  "id" uuid NOT NULL DEFAULT gen_random_uuid(),
  "submitted_by" character varying NOT NULL,
  "submitted_by_role" character varying NOT NULL,
  "event_name" character varying NOT NULL,
  "reason" character varying NOT NULL,
  "description" text,
  "status" character varying DEFAULT 'Pending'::character varying,
  "created_at" timestamp without time zone DEFAULT CURRENT_TIMESTAMP,
  "payment_order_id" character varying,
  "payment_id" character varying,
  "payment_status" character varying DEFAULT 'pending'::character varying,
  "updated_at" timestamp without time zone DEFAULT CURRENT_TIMESTAMP,
  "refund_status" character varying
);

INSERT INTO "appeals" ("id", "submitted_by", "submitted_by_role", "event_name", "reason", "description", "status", "created_at", "payment_order_id", "payment_id", "payment_status", "updated_at", "refund_status") VALUES
('e1f12c89-d1ac-41fb-8120-af9c6f97bade', '8cf5bb91-cc28-4edb-8c76-8261266444f1', 'candidate', 'killing', 'fake results', 'er', 'Pending', '2025-12-04T11:08:07.034Z', 'order_RnbQf9KhVFQciJ', 'pay_RnbQmomqIlcElW', 'paid', '2025-12-15T05:03:20.935Z', 'Refund Successful'),
('570714c8-a02f-4ec5-acac-daf934ca3981', '100', 'team', 'Test Event', 'Test Reason', 'Test Description', 'Pending', '2025-12-15T10:22:22.301Z', 'order_test_123', 'pay_test_123', 'paid', '2025-12-15T10:22:22.301Z', NULL);

-- Table: audit_logs
DROP TABLE IF EXISTS "audit_logs" CASCADE;
CREATE TABLE "audit_logs" (
  "id" integer NOT NULL DEFAULT nextval('audit_logs_id_seq'::regclass),
  "admin_id" integer,
  "action" text,
  "details" jsonb,
  "created_at" timestamp with time zone DEFAULT now()
);

-- Table: candidates
DROP TABLE IF EXISTS "candidates" CASCADE;
CREATE TABLE "candidates" (
  "id" uuid NOT NULL DEFAULT uuid_generate_v4(),
  "chest_no" character varying NOT NULL,
  "name" character varying NOT NULL,
  "team_code" character varying,
  "category" character varying,
  "role" character varying
);

INSERT INTO "candidates" ("id", "chest_no", "name", "team_code", "category", "role") VALUES
('ca06049e-df61-4598-af6d-0ac66ef8facb', '104', 'Abdul Wadood', '100', 'Senior', 'Participant'),
('8cf5bb91-cc28-4edb-8c76-8261266444f1', '105', 'Adnan MN', '100', 'Senior', 'Participant'),
('bec39095-316f-4396-b55f-6bcf0d0f599d', '106', 'Aflah Zaman NT', '100', 'Senior', 'Participant'),
('42c4937c-8877-49f6-a7f0-39fae8a05ecb', '107', 'Al Ameen KK', '100', 'Senior', 'Participant'),
('d960f735-8ddb-43dd-8246-8de04f680691', '108', 'Ameen Abdul Salam', '100', 'Senior', 'Participant'),
('6d3d7410-7a91-4485-a889-04ba8a32c959', '109', 'Anees Ahmed AS', '100', 'Senior', 'Participant'),
('bed58104-6f1c-4ca6-bb17-011ddc1b5e28', '110', 'Baraa Sahmi', '100', 'Senior', 'Participant'),
('1721053e-24a2-422a-8968-e6dd58f6849e', '111', 'Fajar Yasar Ali CK', '100', 'Senior', 'Participant'),
('ea37466b-ed76-404b-894d-5198f066d4c5', '112', 'Muhammed Faez NA', '100', 'Senior', 'Participant'),
('eb62621a-3d2a-45bc-abbc-717bee861a13', '113', 'Muhammed Nadhil', '100', 'Senior', 'Participant'),
('c54a8c81-9d8a-46f0-82ed-7e65c79088f7', '114', 'Muhammed Rafid', '100', 'Senior', 'Participant'),
('428b84e3-0876-418c-807f-78a47717f421', '115', 'Shafi FS', '100', 'Senior', 'Participant'),
('a9f0ee69-6e05-4b56-90e7-4749e2b6f66b', '116', 'SK Arif Billah', '100', 'Senior', 'Participant'),
('9d64921a-1b6e-4813-acff-401446e433c8', '117', 'Abdul Ahad', '100', 'Junior', 'Participant'),
('765578ef-14fa-4ddf-9e21-1f4068b5767b', '118', 'Abdul Bazil Ameen', '100', 'Junior', 'Participant'),
('b6cb3d19-c9c9-4878-aa60-382ff0785b74', '119', 'Abdul Nafih NP', '100', 'Junior', 'Participant'),
('08554d79-eea2-481a-adb9-e0a9b50346b2', '121', 'Abdulla Hassan PB', '100', 'Junior', 'Participant'),
('956c2acf-9c2a-4748-9ff6-7e4fb4afa042', '122', 'Abdulla Subeer K', '100', 'Junior', 'Participant'),
('61a23767-e8d6-4f33-9deb-79bbb84ada96', '123', 'Adnan Haris', '100', 'Junior', 'Participant'),
('ddb29fec-090d-4216-a8fb-173d730707cb', '124', 'Ahmad Najad KH', '100', 'Junior', 'Participant'),
('d1311d47-b845-44ce-b0e2-7518eab77b0f', '125', 'Ajmal Siraj', '100', 'Junior', 'Participant'),
('3be70918-295b-4821-aedd-a0b46da098c4', '126', 'Asim Sadath', '100', 'Junior', 'Participant'),
('7c75bebf-fe27-462a-9ab6-4f59cfbc64c0', '127', 'Bilal Muhammed Saffir', '100', 'Junior', 'Participant'),
('429d27a5-2fb2-4c8c-bfbc-e5d98b9980b0', '128', 'Fayiz Muhammed', '100', 'Junior', 'Participant'),
('cd0e44ee-afef-4cb5-956a-adb514549d80', '129', 'Hafiz Muhammed', '100', 'Junior', 'Participant'),
('dd16eead-e8b9-4f5c-b74e-3248e2b181d3', '130', 'Hamdan A', '100', 'Junior', 'Participant'),
('a6ed4a68-85e7-42dc-abf7-1b3f37fd80ec', '131', 'Hanan Ad-Ham', '100', 'Junior', 'Participant'),
('22190ed1-535b-4c52-a2ea-617cc6dc04d3', '132', 'Hanan Thayattil', '100', 'Junior', 'Participant'),
('b9ef9d02-9619-4ef4-92a0-eb26b2c46ce0', '133', 'Muhammed Afiyan', '100', 'Junior', 'Participant'),
('865f9284-de39-4b68-9671-254238059fa3', '134', 'Muhammed Jasir PS', '100', 'Junior', 'Participant'),
('1a74d869-aac7-481c-895b-4013b875da8b', '135', 'Muhammed Rifan', '100', 'Junior', 'Participant'),
('c21e6ef5-ac16-4b49-9302-b9621899e70d', '136', 'Muhammed Shahzad', '100', 'Junior', 'Participant'),
('68d74254-0747-481d-a7b1-13386aed77ed', '137', 'Muhammed Sinan TT', '100', 'Junior', 'Participant'),
('0a0667ed-7abe-4141-ab2f-3b2df55665bd', '138', 'Musaddiq M', '100', 'Junior', 'Participant'),
('eb9e5d9f-15b0-4245-9fa2-00147ece7165', '139', 'Musafir Muhammed', '100', 'Junior', 'Participant'),
('2f765cc9-9ce4-4a96-8f4f-93f8fb671066', '140', 'Nasih Ameen AJ', '100', 'Junior', 'Participant'),
('183488a8-47ee-42eb-8e77-edca4985fead', '141', 'Nasih Sharafudheen', '100', 'Junior', 'Participant'),
('3bd55ad1-410f-4758-81b5-d099da7da623', '142', 'Shamil N', '100', 'Junior', 'Participant'),
('a964ec35-21bc-462b-b7ac-4857c45ef4b3', '143', 'Shihas KS', '100', 'Junior', 'Participant'),
('e42cba02-19b9-40c4-9de8-76a7acc95cdf', '145', 'Aabis Muhammed', '100', 'Sub Junior', 'Participant'),
('e90c5737-0137-472b-aafb-20056a6e9c55', '146', 'Aarif Ali', '100', 'Sub Junior', 'Participant'),
('a89c4adb-7784-4fda-a5a8-48962b38c2a0', '147', 'Adhil Abdulla KM', '100', 'Sub Junior', 'Participant'),
('70c0820a-eecc-4d8e-871f-e80be61a1e8f', '148', 'Ahmad Bilal MA', '100', 'Sub Junior', 'Participant'),
('02dc1ea0-a307-4d4a-917d-c7aed69fd986', '149', 'Ajwad Noushad', '100', 'Sub Junior', 'Participant'),
('ade6c791-4688-49be-9efa-f433cc7b45e5', '150', 'Amal Muhammed Noushad', '100', 'Sub Junior', 'Participant'),
('a6c47f8e-715b-4294-bef2-e051315b8699', '151', 'Bilal Siyasudheen Hamza', '100', 'Sub Junior', 'Participant'),
('d46b3f2f-2fce-4d7b-aef5-9dcae3e7c50e', '152', 'Gazwan Marsid', '100', 'Sub Junior', 'Participant'),
('e6d36928-8adc-4835-822f-4ceaa32e7571', '153', 'Hassan Nasarullah KP', '100', 'Sub Junior', 'Participant'),
('72f829d2-38fa-422e-8a76-f77eff63debf', '154', 'Irfan Labeeb TL', '100', 'Sub Junior', 'Participant'),
('a7e69579-45c9-4e3c-afce-d1f15b0c5691', '155', 'Isahaq Shameer', '100', 'Sub Junior', 'Participant'),
('5a19ce63-fac3-47ae-a306-1d2047d6721f', '156', 'Muhammed Bilal', '100', 'Sub Junior', 'Participant'),
('539e8cca-b90a-4c17-8f6c-d18cdddcce67', '157', 'Muhammed Sidhan', '100', 'Sub Junior', 'Participant'),
('a918718a-1092-4ce5-88cd-e0d2ccd0225d', '158', 'Muhammed Zaman SS', '100', 'Sub Junior', 'Participant'),
('4cdb457a-1e59-4460-8a46-cfef496f2996', '159', 'Nishmal Jabin A', '100', 'Sub Junior', 'Participant'),
('1cbebc06-d578-4071-8b77-6b3feb7122de', '160', 'Omar Mukthar PA', '100', 'Sub Junior', 'Participant'),
('95bf1bb8-5200-417c-92ab-cd90f96e7576', '161', 'Ramees Jaman A', '100', 'Sub Junior', 'Participant'),
('88208f7e-9561-4364-99b3-f34da44eb09e', '162', 'Raseem Savi C', '100', 'Sub Junior', 'Participant'),
('7388a205-1019-459e-8106-b944b5cc65fb', '163', 'Sacthchal P', '100', 'Sub Junior', 'Participant'),
('eee6277b-e9f1-4519-bd48-8be3a4ce60f6', '164', 'Saffan M', '100', 'Sub Junior', 'Participant'),
('cecf649e-2457-4d7f-bc0f-77f9b6d5c0d9', '165', 'Sainul Hami', '100', 'Sub Junior', 'Participant'),
('fd9323b0-5739-43d9-9786-f9e77c3016da', '201', 'Umar Mukthar', '200', 'Senior', 'Captain'),
('37716ace-8e4f-4705-9f1a-3e5c693adad4', '202', 'Ayman Abdulla', '200', 'Senior', 'Vice Captain'),
('e315e3b8-6e38-4189-acdd-87084c22e303', '203', 'Faheemul Haque', '200', 'Senior', 'Mentor'),
('93595d1e-fdce-426a-9d11-e09692acea66', '204', 'Anas PA', '200', 'Senior', 'Participant'),
('067b1b22-147f-4e1d-9618-340962c37fb9', '205', 'Bilal ES', '200', 'Senior', 'Participant'),
('8df570b9-7c85-4e47-9eaa-49cbe943ec16', '206', 'Farhad AH', '200', 'Senior', 'Participant'),
('02cb656f-7645-4e92-bad3-5737d4ed838c', '207', 'Irfan Habeeb C', '200', 'Senior', 'Participant'),
('8d97aeb5-e39b-44e1-bc41-968984f7663e', '208', 'Irfan TA', '200', 'Senior', 'Participant'),
('1b3b5e3c-aa3a-43c2-a14f-baaca496bc1b', '209', 'Misuab AM', '200', 'Senior', 'Participant'),
('d3715769-41e6-4bcb-9fdf-ae333ff48cb8', '210', 'Muaad Bin Jaafar VT', '200', 'Senior', 'Participant'),
('8a4d8bcd-9d10-49f6-8f02-0ef828a7b7e3', '211', 'Muhammed Ameer PS', '200', 'Senior', 'Participant'),
('8ade376a-bcee-4ccb-b9c4-5598f448a547', '212', 'Muhammed Yaseen Nissar', '200', 'Senior', 'Participant'),
('b9a8da6d-15c0-4717-9f43-aa8192ef3149', '213', 'Muzain', '200', 'Senior', 'Participant'),
('23759930-6c40-46b2-80b0-68b875f75763', '214', 'Najad Shameer', '200', 'Senior', 'Participant'),
('839e384b-850d-4c77-b39d-99b875e63ba3', '215', 'Nizamudheen KR', '200', 'Senior', 'Participant'),
('9af5d8eb-4303-4f99-83dc-f29537a1492d', '216', 'Sajid SidhikC', '200', 'Senior', 'Participant'),
('8b840336-984d-426a-8cd2-fadebc346670', '217', 'Suhail KH', '200', 'Senior', 'Participant'),
('c7d85ba8-95d0-4d66-9d4b-f867c3e9f423', '218', 'Abdulla Shakeeb CL', '200', 'Junior', 'Participant'),
('a8a94462-da36-4128-9d2e-a26d693dcf1c', '219', 'Adam Muhammed Sulthan', '200', 'Junior', 'Participant'),
('b1e56e3c-f6be-4f81-87fb-8f2377b6a730', '220', 'Adil Muhammed', '200', 'Junior', 'Participant'),
('5a18ed4a-942b-4b85-9c3d-b38672999d99', '221', 'Ameer Ali S', '200', 'Junior', 'Participant'),
('160e7f15-2703-4a0c-a089-d94b695f9e1d', '222', 'Ansar AM', '200', 'Junior', 'Participant'),
('d2636a48-da54-4cab-8ce3-c3a294f6158f', '223', 'Arshad A', '200', 'Junior', 'Participant'),
('950436f3-e56c-4665-a61f-c3f55eb5e078', '101', 'Ashique', '100', 'Senior', 'Captain'),
('fec2cfa1-ade3-40c1-9067-2a0a14eb77a6', '103', 'Adil Ameen', '100', 'Senior', 'Mentor'),
('fd7cb832-7cdd-4855-861e-81f46cbca743', '228', 'Muhammed Abdullah PS', '200', 'Junior', 'Participant'),
('65a377aa-a290-40fc-b2c0-7da9fc830659', '229', 'Muhammed Bilal P', '200', 'Junior', 'Participant'),
('0404340f-0f7e-4866-85c6-538f783d40a7', '230', 'Muhammed Jasir AJ', '200', 'Junior', 'Participant'),
('e6856f5c-6aaf-409f-aa99-ef8c8f62614b', '231', 'Muhammed Mujthaba', '200', 'Junior', 'Participant'),
('2e8ffb07-6768-4f29-b111-ebb7cb2e6656', '232', 'Muhammed Naseef MC', '200', 'Junior', 'Participant'),
('001acb25-78e4-4290-932d-546c20fa7ca2', '233', 'Muhammed Safwan KS', '200', 'Junior', 'Participant'),
('582ea0d0-40d3-47ae-9923-8f680c14695b', '235', 'Muhammed Sinan KM', '200', 'Junior', 'Participant'),
('a2d4a157-1650-47e6-b006-4132a92c4221', '236', 'Muhammed Yaseen', '200', 'Junior', 'Participant'),
('5137cf2e-37bc-48c8-a928-22952810a513', '237', 'Nihal Navas', '200', 'Junior', 'Participant'),
('a5b46a93-118f-4ec9-bf0f-1e04d0df3c6a', '238', 'Nihal Ummar A', '200', 'Junior', 'Participant'),
('1e4875aa-0eb4-415d-b7cd-ae289101d127', '239', 'Salman Umar Kunjali', '200', 'Junior', 'Participant'),
('6d3b7306-cab1-46ee-ad4a-cd632638842d', '240', 'Shafeeq Ajmal', '200', 'Junior', 'Participant'),
('729c7b1d-2cb8-4147-8bfb-d53a955d1794', '241', 'Shamveel Najah', '200', 'Junior', 'Participant'),
('3e0e3e4f-7cf6-4474-b0c2-f7f50b772cff', '242', 'Thanveer CK', '200', 'Junior', 'Participant'),
('23d10b76-c3a1-4d06-9103-6b645edd9533', '243', 'Umarul Farooq', '200', 'Junior', 'Participant'),
('5138d021-5c3f-4c90-a123-953f79656929', '244', 'Yousuf M', '200', 'Junior', 'Participant'),
('49ede9e1-0678-4d91-8e20-89b76ef2fda4', '245', 'Abdul Majid N', '200', 'Sub Junior', 'Participant'),
('259c343c-de75-4ef0-b531-23820c1ca687', '246', 'Aboobackar Sulaiman MF', '200', 'Sub Junior', 'Participant'),
('bf5c7635-af35-4fae-84b7-716cc87c113c', '247', 'Adhil Umar CA', '200', 'Sub Junior', 'Participant'),
('a986bdf1-e8c5-44bc-b018-7c9f190f3954', '248', 'Adhnan KS', '200', 'Sub Junior', 'Participant'),
('644f6448-091e-4faa-b6f5-7470c433b3e1', '249', 'Affan Malik', '200', 'Sub Junior', 'Participant'),
('d4d3a37b-be90-43c5-95f3-f1532337d9b3', '250', 'Afnanul Jabbar', '200', 'Sub Junior', 'Participant'),
('b3ff4938-47e6-4e0f-9b50-e5985bd51f8e', '251', 'Amal Swalih', '200', 'Sub Junior', 'Participant'),
('ed543f71-b57b-45ef-8b73-7bcc3d322707', '252', 'Ammar Akif', '200', 'Sub Junior', 'Participant'),
('35d37e88-67da-4fb1-af30-dac9505476ce', '253', 'Anas B', '200', 'Sub Junior', 'Participant'),
('c10cba29-548c-46b4-a01b-7474f8ef4035', '254', 'Anas Sidhik', '200', 'Sub Junior', 'Participant'),
('b18daa61-369d-49a0-93b5-c2a2de356eb1', '255', 'Atheequr Rahman', '200', 'Sub Junior', 'Participant'),
('aad534d9-e281-4427-99a1-c0d31b5261a2', '256', 'Fahadbnu Bilal', '200', 'Sub Junior', 'Participant'),
('8d564e0d-eb7d-4e30-9ffa-8dc23e396a59', '258', 'Majid NS', '200', 'Sub Junior', 'Participant'),
('33d5880c-2756-421f-8456-ee7376e3afb2', '259', 'Muhammed Aadhil', '200', 'Sub Junior', 'Participant'),
('02d1242c-9779-46a3-a448-26b431624db8', '260', 'Muhammed Ajmal PP', '200', 'Sub Junior', 'Participant'),
('96bba3f2-9615-48a8-9207-706f8f75c509', '261', 'Muhammed Izaan ES', '200', 'Sub Junior', 'Participant'),
('600f5eb5-a65c-4c21-a9d3-f9e155e80860', '262', 'Muhammed Sameer PS', '200', 'Sub Junior', 'Participant'),
('77f76175-b20c-44af-9a06-fe92ae1f9c09', '263', 'Muhammed Ziyan TS', '200', 'Sub Junior', 'Participant'),
('fdbee644-3ae1-4e91-8d45-20a864794118', '264', 'Mujeebu Rahman S', '200', 'Sub Junior', 'Participant'),
('0a5eef67-5c26-4f92-916c-63a06a9691ef', '265', 'Sabith Ibnu Sayd', '200', 'Sub Junior', 'Participant'),
('f6b89f80-76b5-4ec8-b976-90f865b03ba9', '266', 'Salman Ashraf', '200', 'Sub Junior', 'Participant'),
('baef8348-4157-42d6-9ae9-b59bd628c2b5', '301', 'Althaf KA', '300', 'Senior', 'Captain'),
('740e1444-9cd6-41e1-b0e6-c020c7fc18e1', '302', 'Souban Saleem', '300', 'Senior', 'Mentor'),
('a98fc115-802e-4340-9291-5a4b7049d56f', '303', 'Abid Ameen', '300', 'Senior', 'Participant'),
('30540750-08ca-4772-9079-4f6325edb962', '304', 'Alfad K', '300', 'Senior', 'Participant'),
('ed488198-9cef-45e1-b546-5ab802061d1a', '305', 'Amal Rahim', '300', 'Senior', 'Participant'),
('3678a057-c81a-4600-b27d-c55717020a55', '306', 'Amar Muhsin', '300', 'Senior', 'Participant'),
('a3f23add-da92-4876-8fe1-d5dbfef07b95', '307', 'Anas K', '300', 'Senior', 'Participant'),
('9a9fbba4-8d6b-4004-93d9-dacb7525bbf7', '308', 'Basim Yousuf Ali', '300', 'Senior', 'Participant'),
('80fec060-625f-4981-9219-76d7b3378924', '309', 'Faayis Muhammed KS', '300', 'Senior', 'Participant'),
('6c098b62-f0af-40bd-9ce9-a02e2605d937', '310', 'Hisham Abbas M', '300', 'Senior', 'Participant'),
('29f899c6-6473-40cb-a9a4-37ce6afaeca2', '311', 'Muhammed Hamaz T', '300', 'Senior', 'Participant'),
('44bbe024-106f-49c9-929c-f7d8b2e6b5ee', '312', 'Muhammed Irfan', '300', 'Senior', 'Participant'),
('0df6597c-8c16-4f4f-a2d8-63440a584fc3', '313', 'Muhammed Yaseen PS', '300', 'Senior', 'Participant'),
('8b4ef9b3-d5af-470d-998b-264001927899', '315', 'Sayyed Abdul Rahman Bafaqui', '300', 'Senior', 'Participant'),
('f08e73ac-b350-4081-8116-308252b2af9c', '316', 'Syed Azim Ahmed', '300', 'Senior', 'Participant'),
('23441623-4756-4653-a22d-0ef1890484dd', '317', 'Muhammed Nibras', '300', 'Junior', 'Vice Captain'),
('05aec5e3-1e34-4e58-8109-f8a48d2be40a', '318', 'Abdullah Farook', '300', 'Junior', 'Participant'),
('d6b78b5b-240a-40a6-baec-6821da240c16', '319', 'Abidh KS', '300', 'Junior', 'Participant'),
('1706719c-c97b-4390-a11a-b2de437f2af8', '320', 'Aflah CK', '300', 'Junior', 'Participant'),
('3a1b5835-cc83-4810-bb1f-3a636745b8e8', '321', 'Afreed CS', '300', 'Junior', 'Participant'),
('8cb0aa1a-c1c6-4dc6-9ccb-ca5a6bd5db41', '322', 'Ameen Faraz Bin Raoof', '300', 'Junior', 'Participant'),
('eab90262-e014-402d-a586-4e0ef8b621ed', '323', 'Ansaf Ajas', '300', 'Junior', 'Participant'),
('41c11558-58af-4696-87cc-e38cc4b8cd4e', '324', 'Ansaf Ali', '300', 'Junior', 'Participant'),
('5991ee1a-c5c3-4e8d-8694-779cf6a3b7f8', '325', 'Ashiq KS', '300', 'Junior', 'Participant'),
('174aa3d5-5862-4a6a-8bb2-67290beab695', '326', 'Hadin Vahab', '300', 'Junior', 'Participant'),
('72173f48-59bf-4e6d-9fa2-14b417a45d65', '327', 'Haris CR', '300', 'Junior', 'Participant'),
('261a8342-6712-4b9b-84f3-f492de1e8d68', '328', 'Hassan Abdulla', '300', 'Junior', 'Participant'),
('3b2e665f-da2d-4b6e-8cbe-bf8f237fa4fc', '329', 'Ihan Yasar', '300', 'Junior', 'Participant'),
('cf4598f5-10c4-4309-965f-ff69a3c8ab45', '330', 'Jasim Zubair', '300', 'Junior', 'Participant'),
('2c95c90e-f0de-4cfb-b1ba-612c3b0b3f8f', '331', 'Jibin Mohandas', '300', 'Junior', 'Participant'),
('81e5a5bf-1620-476d-8728-39c55448a465', '332', 'Muhammed Aadil', '300', 'Junior', 'Participant'),
('72c34719-077a-41c5-ab3a-8a071f424d1b', '333', 'Muhammed Anshid P', '300', 'Junior', 'Participant'),
('192b22cc-973d-4a8f-9c6d-f39375a0629d', '334', 'Muhammed Easa KS', '300', 'Junior', 'Participant'),
('3cb9c56d-a32b-47e7-a53a-9d8cdd8afcf6', '335', 'Muhammed Khais MR', '300', 'Junior', 'Participant'),
('7457fd33-edd8-402b-b244-d249c30582d4', '336', 'Muhammed Mushthaq', '300', 'Junior', 'Participant'),
('9407eccb-7376-4dfe-b854-a40ad872c0cd', '338', 'Muhammed Thajudheen', '300', 'Junior', 'Participant'),
('99a5b585-4538-4c19-98a6-225f34e6af32', '339', 'Muhsin VS', '300', 'Junior', 'Participant'),
('7507659b-56a7-48bd-aa57-b95361867660', '340', 'Nabeel Muhammed M', '300', 'Junior', 'Participant'),
('05acc2d9-4166-4029-af99-c2be7fa47867', '341', 'Nazim PS', '300', 'Junior', 'Participant'),
('1fe5ac2d-af5c-4202-90e5-75ecf0c43966', '342', 'Nihal Najeeb', '300', 'Junior', 'Participant'),
('a2db3438-470a-48ca-932c-1cc8d85345ba', '343', 'PA Aman Hyder Muhammed', '300', 'Junior', 'Participant'),
('d75cb9c6-a798-4fb9-bd6a-2c00e9a973f1', '344', 'Sainudheen Fasly', '300', 'Junior', 'Participant'),
('ba08aa94-bba3-46b4-9517-46da042192bb', '345', 'Yanid Ahammed', '300', 'Junior', 'Participant'),
('aa8dc74b-d55a-46e4-994c-05920521fd73', '346', 'Abdul Hadi Nizamudheen', '300', 'Sub Junior', 'Participant'),
('e43cc1d0-3096-4516-b350-4b9c4102863e', '347', 'Afnan SA Rasheed', '300', 'Sub Junior', 'Participant'),
('6349fb0d-d74f-423c-8fac-b847255f285b', '348', 'Aman Falah', '300', 'Sub Junior', 'Participant'),
('f1c88507-e578-4758-8345-14f607cc3f42', '226', 'Ihlas Ameer', '200', 'Junior', 'Participant'),
('bf1b5dc7-eb80-4cb5-a37f-d86562e4e76a', '227', 'Misab', '200', 'Junior', 'Participant'),
('1c65b909-8f4d-4528-9e46-8f356f99b5bd', '102', 'Mihad Ihsan', '100', 'Senior', 'Vice Captain'),
('4bc2a772-7dd2-45fa-b16b-9f082a416aee', '120', 'Abdul Razak R', '100', 'Junior', 'Participant'),
('62420bb0-789c-4c7b-801a-e5bca7715a30', '144', 'Thameem Ahsan KK', '100', 'Junior', 'Participant'),
('3d4f880e-0594-4ade-832b-8c940437fc07', '166', 'Yahya Jalal', '100', 'Sub Junior', 'Participant'),
('ecfa4c36-b914-4fa3-82c2-ea03e6c359d5', '224', 'Aslam Muhammed', '200', 'Junior', 'Participant'),
('fabb87e1-203f-443f-bd82-6dc14cf63b2b', '225', 'Fawaz Iqhwan', '200', 'Junior', 'Participant'),
('c37e2e20-28f8-40b2-9560-ccbe23a120d1', '234', 'Muhammed Safwan PS', '200', 'Junior', 'Participant'),
('5d4e96ab-78a8-4a93-8138-1c7e1da94999', '257', 'Furqan Sidhik', '200', 'Sub Junior', 'Participant'),
('cd5ef24e-0187-48a0-bb38-283377a65fd5', '314', 'Nihan Haffiz KN', '300', 'Senior', 'Participant'),
('f7da6a58-b436-4810-9cf5-dbd45d3893e7', '337', 'Muhammed Nihal PT', '300', 'Junior', 'Participant'),
('6e650fb8-02a2-4da2-9289-dea9c319f351', '349', 'Bilal Bin Sharaf', '300', 'Sub Junior', 'Participant'),
('25eedcaf-38b5-4c5c-8e78-3c7f57fef67f', '350', 'Fahad Rahman', '300', 'Sub Junior', 'Participant'),
('b39f7f0c-7f94-434f-a919-02b7c31d08ad', '351', 'Fayas Rahman', '300', 'Sub Junior', 'Participant'),
('819e22c8-9a4f-4efc-9392-e9fd13e7657b', '352', 'Hamdi Huwyd', '300', 'Sub Junior', 'Participant'),
('a0d86455-27fe-43e4-a382-c80565a8834b', '353', 'Islah Jabeer Ali', '300', 'Sub Junior', 'Participant'),
('5b5796ca-391c-4772-983b-91bcd2a20bbb', '354', 'Junaiz Yasir Jaleel', '300', 'Sub Junior', 'Participant'),
('f40fe6f4-1342-4ef0-9f18-98cc8d05e145', '355', 'Lizan M Saleem', '300', 'Sub Junior', 'Participant'),
('58bb1427-376d-439f-9a08-78f31b007bf0', '356', 'Muhammed Ameen Pokker PP', '300', 'Sub Junior', 'Participant'),
('1be466b9-4500-4edf-b5ec-e73c6c1fdf6c', '357', 'Muhammed Asad PH', '300', 'Sub Junior', 'Participant'),
('3e492ec4-2632-40d4-b9c1-ac5f292a36c7', '358', 'Muhammed Ayman', '300', 'Sub Junior', 'Participant'),
('237b3cf3-a9b2-4c9d-be52-9eb20923b896', '359', 'Muhammed Azhar PM', '300', 'Sub Junior', 'Participant'),
('781dc60e-77d4-4a60-a606-c2bac381df72', '360', 'Muhammed Muhsin CA', '300', 'Sub Junior', 'Participant'),
('261ad3e0-579f-4450-80a7-5d6dc24ba662', '361', 'Muhammed Yaseen', '300', 'Sub Junior', 'Participant'),
('0568022d-190e-407d-ab5b-9e17917dcac1', '362', 'Mujthaba Islam', '300', 'Sub Junior', 'Participant'),
('af607c57-cad9-43c5-92e3-eca2f6683036', '363', 'Nihal Aman CN', '300', 'Sub Junior', 'Participant'),
('efe22e51-b77f-433c-9633-f2c1b521323b', '364', 'Noufal Nissar', '300', 'Sub Junior', 'Participant'),
('32045621-58a7-45be-b20d-06d830c785f7', '365', 'Rahamdil', '300', 'Sub Junior', 'Participant'),
('5e03becd-da14-45c9-9bf6-15f1bbd88136', '366', 'Razal Abdul Gafoor', '300', 'Sub Junior', 'Participant'),
('2b283fd0-53dc-446d-9527-b2acc67ca0d9', '367', 'Razin Dharis', '300', 'Sub Junior', 'Participant'),
('d841bd4c-38b6-42c4-9baa-95530cb69ff4', '368', 'Saeed Ahammed PS', '300', 'Sub Junior', 'Participant');

-- Table: committee_members
DROP TABLE IF EXISTS "committee_members" CASCADE;
CREATE TABLE "committee_members" (
  "id" uuid NOT NULL DEFAULT uuid_generate_v4(),
  "name" character varying NOT NULL,
  "role" character varying NOT NULL,
  "email" character varying,
  "phone" character varying,
  "image" text,
  "display_order" integer DEFAULT 0,
  "department" character varying
);

INSERT INTO "committee_members" ("id", "name", "role", "email", "phone", "image", "display_order", "department") VALUES
('a5734395-1d99-4917-9be0-2b9ceed6fedd', 'Abdul Ahad Nadwi', 'Staff Coordinator', 'abdulahad@college.edu', '+91 97441 56629', '/assets/committee/Abdul Ahad Nadwi.jpeg', 0, NULL),
('4ea74175-d799-44e9-890e-469e017cfd9a', 'Nayeef Panayikulam', 'Assistant Staff Coordinator', 'nayeef.p@college.edu', '+91 79029 35310', '', 0, NULL),
('b4d4b6d3-90c9-46c1-84a3-ddcf23333736', 'Hanan AP', 'General Convener', 'hanan.ap@college.edu', '+91 94967 09382', '/assets/committee/Hanan AP.jpeg', 0, NULL),
('3281d1e8-6520-4998-a0d8-b2d99ab2dd5d', 'VA Sajadh', 'Student Coordinator', 'sajadh.va@student.edu', '+91 87140 61968', '/assets/committee/VA Sajadh.jpeg', 0, NULL),
('285d21af-13ce-4db8-a9af-f835a9885c11', 'Haneen Hyder PK', 'Assistant Student Coordinator', 'nanuhaneen@gmail.com', '+91 98479 57566', '/assets/committee/Haneen Hyder PK.jpeg', 0, NULL),
('eef340a1-c766-4674-8743-547f9de9d30d', 'Adnan Muhammed', 'Enquiry', 'adnan.m@student.edu', '+91 95675 43696', '/assets/committee/Adnan Muhammed.jpeg', 0, NULL),
('7f178fc6-f1c6-4658-a430-94d227798881', 'Ahmad Deedat', 'Enquiry', 'ahamaddeedath2005@gmail.com', '+91 62822 13359', '/assets/committee/Ahmad Deedat.jpeg', 0, NULL),
('520a745c-fccb-47d6-96e6-913fc6d115ac', 'Jasim VP', 'Tabulation', 'jasimvp2.0@gmail.com', '+91 90371 33526', '/assets/committee/Jasim VP.jpeg', 0, NULL),
('22e72de7-4fa4-4285-82f7-1c39d36418f6', 'Muhammed Shaheeb MC', 'Tabulation', 'shaheeb.mc@student.edu', '+91 85905 01307', '/assets/committee/Muhammed Shaheeb MC.jpeg', 0, NULL),
('6a519162-af76-486f-8c17-d865ec07fc20', 'Shameem Ahammed', 'PR & Media', 'shameem.ahammed@student.edu', '+91 94964 42065', '/assets/committee/Shameem Ahammed.jpeg', 0, NULL),
('7111f5bb-f014-4296-9aa0-44db476cd2a8', 'Ahsan Malik', 'Organising Committee Member', '77ahsanmalik777@gmail.com', '+91 96056 60217', '/assets/committee/Ahsan Malik.jpeg', 0, NULL),
('f0ac3285-92f4-4454-8135-6ab9c5e98dd1', 'Muhammed Ali', 'Organising Committee Member', 'muhammed.ali@student.edu', '+91 96569 52344', '/assets/committee/Muhammed Ali.jpeg', 0, NULL),
('e7a1de2f-cea9-4349-b425-114e0ca08641', 'Ashif K', 'Organising Committee Member', 'ashif@student.edu', '+91 80759 15623', '/assets/committee/Ashif K.jpeg', 0, NULL),
('d2e0c111-8f02-4349-aae4-2ccbf7be9dac', 'Muhammed Lamigh', 'Organising Committee Member', 'lamigh.m@student.edu', '+91 80869 68981', '/assets/committee/Muhammed Lamigh.jpeg', 0, NULL),
('c3300460-0aa9-4073-ae60-105306a69de8', 'Ziyad', 'Organising Committee Member', 'ziyadbolangadi@gmail.com', '+91 81478 78241', '/assets/committee/Ziyad.jpeg', 0, NULL),
('5830b487-ac2b-4cd7-8401-090051ac27c9', 'Ajmal Noushad', 'Organising Committee Member', 'ajmal@student.edu', '+91 95441 32248', '/assets/committee/Ajmal Noushad.jpeg', 0, NULL);

-- Table: events
DROP TABLE IF EXISTS "events" CASCADE;
CREATE TABLE "events" (
  "id" uuid NOT NULL DEFAULT uuid_generate_v4(),
  "code" character varying NOT NULL,
  "name" character varying NOT NULL,
  "event_type" character varying NOT NULL,
  "item_type" character varying NOT NULL,
  "category" character varying,
  "status" character varying DEFAULT 'Pending'::character varying
);

INSERT INTO "events" ("id", "code", "name", "event_type", "item_type", "category", "status") VALUES
('add73c38-1d4a-4d6d-8cb4-0d07c1866201', 'newspaper-report--bwi0', 'Newspaper Report', 'Offstage', 'Individual', 'senior', 'Pending'),
('2334d2eb-faaf-488b-8399-4b082747ec52', 'poem-writing-english-6dot', 'Poem Writing English', 'Offstage', 'Individual', 'senior', 'Pending'),
('e6b257ca-86bb-4185-986a-622e65d32a76', 'poem-writing-english-054d', 'Poem Writing English', 'Offstage', 'Individual', 'sub_junior', 'Pending'),
('26fe11d2-fffe-478f-a290-d08324f7a418', 'translation-malayala-9fz0', 'Translation Malayalam - English', 'Offstage', 'Individual', 'sub_junior', 'Pending'),
('11da622e-ed3c-4a89-a0b8-cd249c400fd0', 'story-writing-englis-5emd', 'Story Writing English', 'Offstage', 'Individual', 'sub_junior', 'Pending'),
('b15377f0-d896-41cc-8ccd-b6236948ed88', 'translation-urdu-mal-4zp0', 'Translation Urdu - Malayalam', 'Offstage', 'Individual', 'sub_junior', 'Pending'),
('eec0f72b-72e1-42ab-ac57-b00d9aa640e7', 'translation-arabic-m-7f9y', 'Translation Arabic - Malayalam', 'Offstage', 'Individual', 'sub_junior', 'Pending'),
('b41d639b-a3aa-4444-ab2e-caf23e23665d', 'translation-malayala-ls1l', 'Translation Malayalam - Arabic', 'Offstage', 'Individual', 'sub_junior', 'Pending'),
('e21d8f77-fbea-46f5-b1a9-9cc5c01cf8c3', 'essay-writing-englis-tfgx', 'Essay Writing English', 'Offstage', 'Individual', 'sub_junior', 'Pending'),
('aa6cf1fd-a1ba-41c0-9304-9a3a0dff38a9', 'story-writing-arabic-tcax', 'Story writing Arabic', 'Offstage', 'Individual', 'sub_junior', 'Pending'),
('57cbb17d-cfd9-463e-88a0-f4f63bd42d80', 'news-report-ieom', 'News Report', 'Offstage', 'Individual', 'sub_junior', 'Pending'),
('9c5df60e-0ebe-45f3-a256-c344f19594a6', 'story-writing-englis-qr6f', 'Story writing English', 'Offstage', 'Individual', 'junior', 'Pending'),
('e98fafa9-911a-46dd-8798-4dd4bbd1ebed', 'news-report-3fco', 'News Report', 'Offstage', 'Individual', 'junior', 'Pending'),
('a2854f1a-f370-40c3-9d09-c32a332b5b75', 'story-writing-arabic-efw0', 'Story writing Arabic', 'Offstage', 'Individual', 'junior', 'Pending'),
('fd17ed7e-c20f-480c-819e-6616ff1d77e5', 'essay-writing-urdu-s8ba', 'Essay writing Urdu', 'Offstage', 'Individual', 'junior', 'Pending'),
('a7fc01bb-8f97-4756-84a2-983782d34853', 'translation-arabic-e-eda9', 'Translation Arabic - English', 'Offstage', 'Individual', 'junior', 'Pending'),
('4d3a1b2b-762a-461d-9051-c017a21c6b43', 'essay-writing-englis-ub32', 'Essay writing English', 'Offstage', 'Individual', 'junior', 'Pending'),
('97c5c195-08ca-44f6-b631-1a63d7a12a6c', 'translation-urdu-mal-zu5f', 'Translation Urdu - Malayalam', 'Offstage', 'Individual', 'junior', 'Pending'),
('795aa8bd-da5d-41e6-8f8e-6bec15140cd8', 'poem-writing-arabic-jrmb', 'Poem writing Arabic', 'Offstage', 'Individual', 'junior', 'Pending'),
('6f7561ba-7340-4552-b228-2735a23fa058', 'essay-writing-arabic-vm2p', 'Essay writing Arabic', 'Offstage', 'Individual', 'junior', 'Pending'),
('7d2eb451-bca5-43cc-8e71-60d2b811b455', 'story-writing-urdu-9pcu', 'Story writing Urdu', 'Offstage', 'Individual', 'junior', 'Pending'),
('a5375f27-1db2-4712-85fb-f129f126aeb7', 'caption-writing-engl-cccf', 'Caption writing English', 'Offstage', 'Individual', 'sub_junior', 'Pending'),
('ea4b0900-112a-43ae-893e-dfd1b788b822', 'caption-writing-engl-q9tz', 'Caption writing English', 'Offstage', 'Individual', 'junior', 'Pending'),
('91e1edd4-1ffc-409b-b56c-3fdfd53e0167', 'poem-writing-english-slrv', 'Poem writing English', 'Offstage', 'Individual', 'senior', 'Pending'),
('8c3e0c7c-c9b5-40ec-9229-45cd41cce980', 'translation-urdu-ara-mzi2', 'Translation Urdu - Arabic', 'Offstage', 'Individual', 'senior', 'Pending'),
('7da14a52-bcfd-4da8-a6b4-beb150f48868', 'poem-writing-arabic-lrmb', 'Poem writing Arabic', 'Offstage', 'Individual', 'senior', 'Pending'),
('1d32f775-27ac-432b-acd0-3c4c5fc737d7', 'essay-writing-urdu-byjn', 'Essay writing Urdu', 'Offstage', 'Individual', 'senior', 'Pending'),
('1d217f2a-f0fc-4e1e-b356-92b7cfc2e379', 'story-writing-englis-qv89', 'Story writing English', 'Offstage', 'Individual', 'senior', 'Pending'),
('e2840864-edf8-4681-b9e0-5de7a6304668', 'story-writing-arabic-w2tc', 'Story writing Arabic', 'Offstage', 'Individual', 'senior', 'Pending'),
('f973feac-5435-435b-97fc-50d419303eb6', 'essay-writing-arabic-m87f', 'Essay writing Arabic', 'Offstage', 'Individual', 'senior', 'Pending'),
('2b7b4117-6c3c-4a8c-aff2-bdbc3f7e3522', 'word-clash-english-abfp', 'Word Clash English', 'Offstage', 'Group', '', 'Pending'),
('52afed14-1e90-4f4a-912f-cf59135e4180', 'translation-malayala-m1cu', 'Translation Malayalam - Arabic', 'Offstage', 'Individual', 'junior', 'Pending'),
('5fda92ac-6e47-42b3-be4e-4f1858cfae15', 'essay-writing-malaya-awpc', 'Essay writing Malayalam', 'Offstage', 'Individual', 'junior', 'Pending'),
('bc98feea-c1bc-4fcc-83f2-629b7ab557af', 'caption-writing-mala-6wlo', 'Caption writing Malayalm', 'Offstage', 'Individual', 'junior', 'Pending'),
('ac8eec0e-82fe-4a55-bee4-c798061de3d3', 'story-writing-urdu-q2sd', 'Story writing Urdu', 'Offstage', 'Individual', 'senior', 'Pending'),
('351c2e5e-dcf3-4484-89e6-617bf15fb9ac', 'translation-arabic-e-laiy', 'Translation Arabic - English', 'Offstage', 'Individual', 'senior', 'Pending'),
('d71a6355-991b-488c-9509-91e2e0d7fa32', 'poem-writing-english-rt2t', 'Poem writing English', 'Offstage', 'Individual', 'senior', 'Pending'),
('7d604035-8657-4808-8556-33d58265f1a1', 'translation-malayala-qec4', 'Translation Malayalam - Urdu', 'Offstage', 'Individual', 'senior', 'Pending'),
('706a9ff9-e38c-410c-88b8-bb32ba98f89c', 'news-paper-report-ttb4', 'News Paper Report', 'Offstage', 'Individual', 'senior', 'Pending'),
('9a0a6727-dd57-4e8f-a275-42a54dcb8e79', 'editorial-writing-w1xh', 'Editorial Writing', 'Offstage', 'Individual', 'senior', 'Pending'),
('82a6ad13-4d50-41b8-95ae-8c13da6f5f05', 'essay-writing-englis-518i', 'Essay writing English', 'Offstage', 'Individual', 'senior', 'Pending'),
('c9609cd8-e4e9-4489-a147-1421e51c7c24', 'translation-malayala-hqcp', 'Translation Malayalam - Arabic', 'Offstage', 'Individual', 'senior', 'Pending'),
('81034b07-1b89-45c0-ade9-8db01584eb71', 'slogan-making-3ied', 'Slogan Making', 'Offstage', 'Individual', 'senior', 'Pending'),
('7e6d7a6b-4cdf-43ca-bfd7-f81987566053', 'caption-writing-arab-2l3o', 'Caption writing Arabic', 'Offstage', 'Individual', 'senior', 'Declared');

-- Table: participants
DROP TABLE IF EXISTS "participants" CASCADE;
CREATE TABLE "participants" (
  "id" uuid NOT NULL DEFAULT uuid_generate_v4(),
  "event_id" uuid,
  "candidate_id" uuid,
  "team_code" character varying,
  "status" character varying DEFAULT 'Pending'::character varying,
  "position" integer,
  "grade" character varying,
  "points" integer DEFAULT 0,
  "work_url" text
);

INSERT INTO "participants" ("id", "event_id", "candidate_id", "team_code", "status", "position", "grade", "points", "work_url") VALUES
('f448ca6a-66bd-4dac-a29b-f3b557c5fe61', '2b7b4117-6c3c-4a8c-aff2-bdbc3f7e3522', NULL, '100', 'Pending', NULL, NULL, 0, NULL),
('6663aaec-d136-4a3a-80db-2cfd61324062', '2b7b4117-6c3c-4a8c-aff2-bdbc3f7e3522', NULL, '200', 'Pending', NULL, NULL, 0, NULL),
('26dd6b87-109a-4f01-9665-287523246f52', '2b7b4117-6c3c-4a8c-aff2-bdbc3f7e3522', NULL, '300', 'Pending', NULL, NULL, 0, NULL),
('45146c9b-75d0-4b78-83a4-47d627448d86', '7e6d7a6b-4cdf-43ca-bfd7-f81987566053', '8cf5bb91-cc28-4edb-8c76-8261266444f1', '100', 'Winner', 1, 'A', 10, NULL),
('794b1740-f5b6-4b43-af24-6f56e154db98', '7e6d7a6b-4cdf-43ca-bfd7-f81987566053', '950436f3-e56c-4665-a61f-c3f55eb5e078', '100', 'Absent', NULL, NULL, 0, NULL);

-- Table: teams
DROP TABLE IF EXISTS "teams" CASCADE;
CREATE TABLE "teams" (
  "code" character varying NOT NULL,
  "name" character varying NOT NULL,
  "total_points" integer DEFAULT 0,
  "password_hash" character varying
);

INSERT INTO "teams" ("code", "name", "total_points", "password_hash") VALUES
('200', 'Team 200', 0, '$2b$10$RnpKX8WrqEd1EA.bFA0Zs.JuVWNCJ8GdXDRi.mhNo30RcQ/yPWfhW'),
('300', 'Team 300', 0, '$2b$10$RnpKX8WrqEd1EA.bFA0Zs.JuVWNCJ8GdXDRi.mhNo30RcQ/yPWfhW'),
('100', 'Team 100', -10, '$2b$10$lu5xxk7z1Oz/SXDv6GRabOIeypsAHlrIy1wEdPfOtzCufzbTWCb.C');

